Copyright 1986-2020 Xilinx, Inc. All Rights Reserved.
--------------------------------------------------------------------------------------------------------------------------------------------------------------------------------
| Tool Version : Vivado v.2020.1 (win64) Build 2902540 Wed May 27 19:54:49 MDT 2020
| Date         : Fri Dec 19 06:23:20 2025
| Host         : Amna running 64-bit major release  (build 9200)
| Command      : report_timing_summary -max_paths 10 -file top_timing_summary_routed.rpt -pb top_timing_summary_routed.pb -rpx top_timing_summary_routed.rpx -warn_on_violation
| Design       : top
| Device       : 7a35t-cpg236
| Speed File   : -1  PRODUCTION 1.23 2018-06-13
--------------------------------------------------------------------------------------------------------------------------------------------------------------------------------

Timing Summary Report

------------------------------------------------------------------------------------------------
| Timer Settings
| --------------
------------------------------------------------------------------------------------------------

  Enable Multi Corner Analysis               :  Yes
  Enable Pessimism Removal                   :  Yes
  Pessimism Removal Resolution               :  Nearest Common Node
  Enable Input Delay Default Clock           :  No
  Enable Preset / Clear Arcs                 :  No
  Disable Flight Delays                      :  No
  Ignore I/O Paths                           :  No
  Timing Early Launch at Borrowing Latches   :  No
  Borrow Time for Max Delay Exceptions       :  Yes
  Merge Timing Exceptions                    :  Yes

  Corner  Analyze    Analyze    
  Name    Max Paths  Min Paths  
  ------  ---------  ---------  
  Slow    Yes        Yes        
  Fast    Yes        Yes        



check_timing report

Table of Contents
-----------------
1. checking no_clock (103)
2. checking constant_clock (0)
3. checking pulse_width_clock (0)
4. checking unconstrained_internal_endpoints (270)
5. checking no_input_delay (6)
6. checking no_output_delay (16)
7. checking multiple_clock (0)
8. checking generated_clocks (0)
9. checking loops (0)
10. checking partial_input_delay (0)
11. checking partial_output_delay (0)
12. checking latch_loops (0)

1. checking no_clock (103)
--------------------------
 There are 103 register/latch pins with no clock driven by root clock pin: u_div/clk_25MHz_reg/Q (HIGH)


2. checking constant_clock (0)
------------------------------
 There are 0 register/latch pins with constant_clock.


3. checking pulse_width_clock (0)
---------------------------------
 There are 0 register/latch pins which need pulse_width check


4. checking unconstrained_internal_endpoints (270)
--------------------------------------------------
 There are 270 pins that are not constrained for maximum delay. (HIGH)

 There are 0 pins that are not constrained for maximum delay due to constant clock.


5. checking no_input_delay (6)
------------------------------
 There are 6 input ports with no input delay specified. (HIGH)

 There are 0 input ports with no input delay but user has a false path constraint.


6. checking no_output_delay (16)
--------------------------------
 There are 16 ports with no output delay specified. (HIGH)

 There are 0 ports with no output delay but user has a false path constraint

 There are 0 ports with no output delay but with a timing clock defined on it or propagating through it


7. checking multiple_clock (0)
------------------------------
 There are 0 register/latch pins with multiple clocks.


8. checking generated_clocks (0)
--------------------------------
 There are 0 generated clocks that are not connected to a clock source.


9. checking loops (0)
---------------------
 There are 0 combinational loops in the design.


10. checking partial_input_delay (0)
------------------------------------
 There are 0 input ports with partial input delay specified.


11. checking partial_output_delay (0)
-------------------------------------
 There are 0 ports with partial output delay specified.


12. checking latch_loops (0)
----------------------------
 There are 0 combinational latch loops in the design through latch input



------------------------------------------------------------------------------------------------
| Design Timing Summary
| ---------------------
------------------------------------------------------------------------------------------------

    WNS(ns)      TNS(ns)  TNS Failing Endpoints  TNS Total Endpoints      WHS(ns)      THS(ns)  THS Failing Endpoints  THS Total Endpoints     WPWS(ns)     TPWS(ns)  TPWS Failing Endpoints  TPWS Total Endpoints  
    -------      -------  ---------------------  -------------------      -------      -------  ---------------------  -------------------     --------     --------  ----------------------  --------------------  
     -4.082     -328.166                    371                 2373        0.123        0.000                      0                 2373        4.500        0.000                       0                  1082  


Timing constraints are not met.


------------------------------------------------------------------------------------------------
| Clock Summary
| -------------
------------------------------------------------------------------------------------------------

Clock        Waveform(ns)       Period(ns)      Frequency(MHz)
-----        ------------       ----------      --------------
sys_clk_pin  {0.000 5.000}      10.000          100.000         


------------------------------------------------------------------------------------------------
| Intra Clock Table
| -----------------
------------------------------------------------------------------------------------------------

Clock             WNS(ns)      TNS(ns)  TNS Failing Endpoints  TNS Total Endpoints      WHS(ns)      THS(ns)  THS Failing Endpoints  THS Total Endpoints     WPWS(ns)     TPWS(ns)  TPWS Failing Endpoints  TPWS Total Endpoints  
-----             -------      -------  ---------------------  -------------------      -------      -------  ---------------------  -------------------     --------     --------  ----------------------  --------------------  
sys_clk_pin        -4.082     -328.166                    371                 2373        0.123        0.000                      0                 2373        4.500        0.000                       0                  1082  


------------------------------------------------------------------------------------------------
| Inter Clock Table
| -----------------
------------------------------------------------------------------------------------------------

From Clock    To Clock          WNS(ns)      TNS(ns)  TNS Failing Endpoints  TNS Total Endpoints      WHS(ns)      THS(ns)  THS Failing Endpoints  THS Total Endpoints  
----------    --------          -------      -------  ---------------------  -------------------      -------      -------  ---------------------  -------------------  


------------------------------------------------------------------------------------------------
| Other Path Groups Table
| -----------------------
------------------------------------------------------------------------------------------------

Path Group    From Clock    To Clock          WNS(ns)      TNS(ns)  TNS Failing Endpoints  TNS Total Endpoints      WHS(ns)      THS(ns)  THS Failing Endpoints  THS Total Endpoints  
----------    ----------    --------          -------      -------  ---------------------  -------------------      -------      -------  ---------------------  -------------------  


------------------------------------------------------------------------------------------------
| Timing Details
| --------------
------------------------------------------------------------------------------------------------


---------------------------------------------------------------------------------------------------
From Clock:  sys_clk_pin
  To Clock:  sys_clk_pin

Setup :          371  Failing Endpoints,  Worst Slack       -4.082ns,  Total Violation     -328.166ns
Hold  :            0  Failing Endpoints,  Worst Slack        0.123ns,  Total Violation        0.000ns
PW    :            0  Failing Endpoints,  Worst Slack        4.500ns,  Total Violation        0.000ns
---------------------------------------------------------------------------------------------------


Max Delay Paths
--------------------------------------------------------------------------------------
Slack (VIOLATED) :        -4.082ns  (required time - arrival time)
  Source:                 ws2812_inst/beat_flash_cnt_reg[13]/C
                            (rising edge-triggered cell FDCE clocked by sys_clk_pin  {rise@0.000ns fall@5.000ns period=10.000ns})
  Destination:            ws2812_inst/beat_strobe_phase_reg_rep__0/D
                            (rising edge-triggered cell FDCE clocked by sys_clk_pin  {rise@0.000ns fall@5.000ns period=10.000ns})
  Path Group:             sys_clk_pin
  Path Type:              Setup (Max at Slow Process Corner)
  Requirement:            10.000ns  (sys_clk_pin rise@10.000ns - sys_clk_pin rise@0.000ns)
  Data Path Delay:        14.035ns  (logic 7.013ns (49.968%)  route 7.022ns (50.031%))
  Logic Levels:           21  (CARRY4=11 LUT1=1 LUT2=2 LUT3=2 LUT4=1 LUT5=1 LUT6=3)
  Clock Path Skew:        -0.043ns (DCD - SCD + CPR)
    Destination Clock Delay (DCD):    4.950ns = ( 14.950 - 10.000 ) 
    Source Clock Delay      (SCD):    5.260ns
    Clock Pessimism Removal (CPR):    0.267ns
  Clock Uncertainty:      0.035ns  ((TSJ^2 + TIJ^2)^1/2 + DJ) / 2 + PE
    Total System Jitter     (TSJ):    0.071ns
    Total Input Jitter      (TIJ):    0.000ns
    Discrete Jitter          (DJ):    0.000ns
    Phase Error              (PE):    0.000ns

    Location             Delay type                Incr(ns)  Path(ns)    Netlist Resource(s)
  -------------------------------------------------------------------    -------------------
                         (clock sys_clk_pin rise edge)
                                                      0.000     0.000 r  
    W5                                                0.000     0.000 r  clk_100MHz (IN)
                         net (fo=0)                   0.000     0.000    clk_100MHz
    W5                   IBUF (Prop_ibuf_I_O)         1.458     1.458 r  clk_100MHz_IBUF_inst/O
                         net (fo=1, routed)           1.967     3.425    clk_100MHz_IBUF
    BUFGCTRL_X0Y0        BUFG (Prop_bufg_I_O)         0.096     3.521 r  clk_100MHz_IBUF_BUFG_inst/O
                         net (fo=1081, routed)        1.739     5.260    ws2812_inst/clk_100MHz_IBUF_BUFG
    SLICE_X57Y104        FDCE                                         r  ws2812_inst/beat_flash_cnt_reg[13]/C
  -------------------------------------------------------------------    -------------------
    SLICE_X57Y104        FDCE (Prop_fdce_C_Q)         0.456     5.716 r  ws2812_inst/beat_flash_cnt_reg[13]/Q
                         net (fo=27, routed)          0.959     6.675    ws2812_inst/beat_flash_cnt_reg[13]
    SLICE_X57Y99         LUT3 (Prop_lut3_I0_O)        0.124     6.799 r  ws2812_inst/beat_strobe_phase_i_306/O
                         net (fo=1, routed)           0.625     7.424    ws2812_inst/beat_strobe_phase_i_306_n_0
    SLICE_X56Y103        CARRY4 (Prop_carry4_DI[1]_CO[3])
                                                      0.520     7.944 r  ws2812_inst/beat_strobe_phase_reg_i_260/CO[3]
                         net (fo=1, routed)           0.000     7.944    ws2812_inst/beat_strobe_phase_reg_i_260_n_0
    SLICE_X56Y104        CARRY4 (Prop_carry4_CI_CO[3])
                                                      0.117     8.061 r  ws2812_inst/beat_strobe_phase_reg_i_205/CO[3]
                         net (fo=1, routed)           0.000     8.061    ws2812_inst/beat_strobe_phase_reg_i_205_n_0
    SLICE_X56Y105        CARRY4 (Prop_carry4_CI_CO[3])
                                                      0.117     8.178 r  ws2812_inst/beat_strobe_phase_reg_i_134/CO[3]
                         net (fo=1, routed)           0.000     8.178    ws2812_inst/beat_strobe_phase_reg_i_134_n_0
    SLICE_X56Y106        CARRY4 (Prop_carry4_CI_O[0])
                                                      0.219     8.397 r  ws2812_inst/beat_strobe_phase_reg_i_94/O[0]
                         net (fo=3, routed)           0.633     9.030    ws2812_inst_n_24
    SLICE_X51Y105        LUT3 (Prop_lut3_I1_O)        0.295     9.325 r  beat_strobe_phase_i_133/O
                         net (fo=2, routed)           0.656     9.981    ws2812_inst/beat_strobe_phase_reg_i_60_2
    SLICE_X51Y105        LUT5 (Prop_lut5_I0_O)        0.124    10.105 r  ws2812_inst/beat_strobe_phase_i_82/O
                         net (fo=2, routed)           0.448    10.552    ws2812_inst/beat_strobe_phase_i_82_n_0
    SLICE_X52Y106        LUT6 (Prop_lut6_I0_O)        0.124    10.676 r  ws2812_inst/beat_strobe_phase_i_86/O
                         net (fo=1, routed)           0.000    10.676    ws2812_inst/beat_strobe_phase_i_86_n_0
    SLICE_X52Y106        CARRY4 (Prop_carry4_S[2]_CO[3])
                                                      0.380    11.056 r  ws2812_inst/beat_strobe_phase_reg_i_60/CO[3]
                         net (fo=1, routed)           0.000    11.056    ws2812_inst/beat_strobe_phase_reg_i_60_n_0
    SLICE_X52Y107        CARRY4 (Prop_carry4_CI_O[3])
                                                      0.315    11.371 r  ws2812_inst/beat_strobe_phase_reg_i_46/O[3]
                         net (fo=10, routed)          0.465    11.836    ws2812_inst_n_92
    SLICE_X51Y107        LUT2 (Prop_lut2_I0_O)        0.307    12.143 r  beat_strobe_phase_i_59/O
                         net (fo=1, routed)           0.000    12.143    beat_strobe_phase_i_59_n_0
    SLICE_X51Y107        CARRY4 (Prop_carry4_S[1]_O[3])
                                                      0.640    12.783 r  beat_strobe_phase_reg_i_45/O[3]
                         net (fo=1, routed)           0.613    13.397    beat_strobe_phase_reg_i_45_n_4
    SLICE_X50Y109        CARRY4 (Prop_carry4_S[0]_O[1])
                                                      0.733    14.130 r  beat_strobe_phase_reg_i_44/O[1]
                         net (fo=1, routed)           0.591    14.721    ws2812_inst/beat_strobe_phase_reg_i_21_0[1]
    SLICE_X50Y106        LUT2 (Prop_lut2_I1_O)        0.306    15.027 r  ws2812_inst/beat_strobe_phase_i_36/O
                         net (fo=1, routed)           0.000    15.027    ws2812_inst/beat_strobe_phase_i_36_n_0
    SLICE_X50Y106        CARRY4 (Prop_carry4_S[1]_O[3])
                                                      0.643    15.670 f  ws2812_inst/beat_strobe_phase_reg_i_21/O[3]
                         net (fo=2, routed)           0.514    16.183    ws2812_inst_n_109
    SLICE_X49Y106        LUT1 (Prop_lut1_I0_O)        0.307    16.490 r  beat_strobe_phase_i_26/O
                         net (fo=1, routed)           0.000    16.490    beat_strobe_phase_i_26_n_0
    SLICE_X49Y106        CARRY4 (Prop_carry4_S[3]_CO[3])
                                                      0.401    16.891 r  beat_strobe_phase_reg_i_18/CO[3]
                         net (fo=1, routed)           0.000    16.891    beat_strobe_phase_reg_i_18_n_0
    SLICE_X49Y107        CARRY4 (Prop_carry4_CI_O[1])
                                                      0.334    17.225 r  beat_strobe_phase_reg_i_17/O[1]
                         net (fo=1, routed)           0.642    17.868    ws2812_inst/beat_strobe_phase_i_3_3[1]
    SLICE_X48Y109        LUT6 (Prop_lut6_I2_O)        0.303    18.171 f  ws2812_inst/beat_strobe_phase_i_8/O
                         net (fo=2, routed)           0.303    18.473    ws2812_inst/beat_strobe_phase_i_8_n_0
    SLICE_X49Y109        LUT4 (Prop_lut4_I3_O)        0.124    18.597 r  ws2812_inst/beat_strobe_phase_i_3_comp_1/O
                         net (fo=1, routed)           0.574    19.171    ws2812_inst/beat_strobe_phase_i_3_n_0_repN_1
    SLICE_X49Y111        LUT6 (Prop_lut6_I5_O)        0.124    19.295 r  ws2812_inst/beat_strobe_phase_rep__0_i_1_comp/O
                         net (fo=1, routed)           0.000    19.295    ws2812_inst/beat_strobe_phase_rep__0_i_1_n_0
    SLICE_X49Y111        FDCE                                         r  ws2812_inst/beat_strobe_phase_reg_rep__0/D
  -------------------------------------------------------------------    -------------------

                         (clock sys_clk_pin rise edge)
                                                     10.000    10.000 r  
    W5                                                0.000    10.000 r  clk_100MHz (IN)
                         net (fo=0)                   0.000    10.000    clk_100MHz
    W5                   IBUF (Prop_ibuf_I_O)         1.388    11.388 r  clk_100MHz_IBUF_inst/O
                         net (fo=1, routed)           1.862    13.250    clk_100MHz_IBUF
    BUFGCTRL_X0Y0        BUFG (Prop_bufg_I_O)         0.091    13.341 r  clk_100MHz_IBUF_BUFG_inst/O
                         net (fo=1081, routed)        1.609    14.950    ws2812_inst/clk_100MHz_IBUF_BUFG
    SLICE_X49Y111        FDCE                                         r  ws2812_inst/beat_strobe_phase_reg_rep__0/C
                         clock pessimism              0.267    15.217    
                         clock uncertainty           -0.035    15.182    
    SLICE_X49Y111        FDCE (Setup_fdce_C_D)        0.031    15.213    ws2812_inst/beat_strobe_phase_reg_rep__0
  -------------------------------------------------------------------
                         required time                         15.213    
                         arrival time                         -19.295    
  -------------------------------------------------------------------
                         slack                                 -4.082    

Slack (VIOLATED) :        -4.032ns  (required time - arrival time)
  Source:                 ws2812_inst/beat_flash_cnt_reg[13]/C
                            (rising edge-triggered cell FDCE clocked by sys_clk_pin  {rise@0.000ns fall@5.000ns period=10.000ns})
  Destination:            ws2812_inst/beat_strobe_phase_reg/D
                            (rising edge-triggered cell FDCE clocked by sys_clk_pin  {rise@0.000ns fall@5.000ns period=10.000ns})
  Path Group:             sys_clk_pin
  Path Type:              Setup (Max at Slow Process Corner)
  Requirement:            10.000ns  (sys_clk_pin rise@10.000ns - sys_clk_pin rise@0.000ns)
  Data Path Delay:        13.984ns  (logic 6.612ns (47.284%)  route 7.372ns (52.716%))
  Logic Levels:           21  (CARRY4=11 LUT2=2 LUT3=4 LUT5=1 LUT6=3)
  Clock Path Skew:        -0.042ns (DCD - SCD + CPR)
    Destination Clock Delay (DCD):    4.951ns = ( 14.951 - 10.000 ) 
    Source Clock Delay      (SCD):    5.260ns
    Clock Pessimism Removal (CPR):    0.267ns
  Clock Uncertainty:      0.035ns  ((TSJ^2 + TIJ^2)^1/2 + DJ) / 2 + PE
    Total System Jitter     (TSJ):    0.071ns
    Total Input Jitter      (TIJ):    0.000ns
    Discrete Jitter          (DJ):    0.000ns
    Phase Error              (PE):    0.000ns

    Location             Delay type                Incr(ns)  Path(ns)    Netlist Resource(s)
  -------------------------------------------------------------------    -------------------
                         (clock sys_clk_pin rise edge)
                                                      0.000     0.000 r  
    W5                                                0.000     0.000 r  clk_100MHz (IN)
                         net (fo=0)                   0.000     0.000    clk_100MHz
    W5                   IBUF (Prop_ibuf_I_O)         1.458     1.458 r  clk_100MHz_IBUF_inst/O
                         net (fo=1, routed)           1.967     3.425    clk_100MHz_IBUF
    BUFGCTRL_X0Y0        BUFG (Prop_bufg_I_O)         0.096     3.521 r  clk_100MHz_IBUF_BUFG_inst/O
                         net (fo=1081, routed)        1.739     5.260    ws2812_inst/clk_100MHz_IBUF_BUFG
    SLICE_X57Y104        FDCE                                         r  ws2812_inst/beat_flash_cnt_reg[13]/C
  -------------------------------------------------------------------    -------------------
    SLICE_X57Y104        FDCE (Prop_fdce_C_Q)         0.456     5.716 r  ws2812_inst/beat_flash_cnt_reg[13]/Q
                         net (fo=27, routed)          0.959     6.675    ws2812_inst/beat_flash_cnt_reg[13]
    SLICE_X57Y99         LUT3 (Prop_lut3_I0_O)        0.124     6.799 r  ws2812_inst/beat_strobe_phase_i_306/O
                         net (fo=1, routed)           0.625     7.424    ws2812_inst/beat_strobe_phase_i_306_n_0
    SLICE_X56Y103        CARRY4 (Prop_carry4_DI[1]_CO[3])
                                                      0.520     7.944 r  ws2812_inst/beat_strobe_phase_reg_i_260/CO[3]
                         net (fo=1, routed)           0.000     7.944    ws2812_inst/beat_strobe_phase_reg_i_260_n_0
    SLICE_X56Y104        CARRY4 (Prop_carry4_CI_CO[3])
                                                      0.117     8.061 r  ws2812_inst/beat_strobe_phase_reg_i_205/CO[3]
                         net (fo=1, routed)           0.000     8.061    ws2812_inst/beat_strobe_phase_reg_i_205_n_0
    SLICE_X56Y105        CARRY4 (Prop_carry4_CI_CO[3])
                                                      0.117     8.178 r  ws2812_inst/beat_strobe_phase_reg_i_134/CO[3]
                         net (fo=1, routed)           0.000     8.178    ws2812_inst/beat_strobe_phase_reg_i_134_n_0
    SLICE_X56Y106        CARRY4 (Prop_carry4_CI_O[0])
                                                      0.219     8.397 r  ws2812_inst/beat_strobe_phase_reg_i_94/O[0]
                         net (fo=3, routed)           0.633     9.030    ws2812_inst_n_24
    SLICE_X51Y105        LUT3 (Prop_lut3_I1_O)        0.295     9.325 r  beat_strobe_phase_i_133/O
                         net (fo=2, routed)           0.656     9.981    ws2812_inst/beat_strobe_phase_reg_i_60_2
    SLICE_X51Y105        LUT5 (Prop_lut5_I0_O)        0.124    10.105 r  ws2812_inst/beat_strobe_phase_i_82/O
                         net (fo=2, routed)           0.448    10.552    ws2812_inst/beat_strobe_phase_i_82_n_0
    SLICE_X52Y106        LUT6 (Prop_lut6_I0_O)        0.124    10.676 r  ws2812_inst/beat_strobe_phase_i_86/O
                         net (fo=1, routed)           0.000    10.676    ws2812_inst/beat_strobe_phase_i_86_n_0
    SLICE_X52Y106        CARRY4 (Prop_carry4_S[2]_CO[3])
                                                      0.380    11.056 r  ws2812_inst/beat_strobe_phase_reg_i_60/CO[3]
                         net (fo=1, routed)           0.000    11.056    ws2812_inst/beat_strobe_phase_reg_i_60_n_0
    SLICE_X52Y107        CARRY4 (Prop_carry4_CI_O[2])
                                                      0.239    11.295 r  ws2812_inst/beat_strobe_phase_reg_i_46/O[2]
                         net (fo=10, routed)          0.815    12.110    ws2812_inst_n_93
    SLICE_X53Y108        LUT3 (Prop_lut3_I0_O)        0.301    12.411 r  beat_strobe_phase_i_117/O
                         net (fo=1, routed)           0.323    12.734    beat_strobe_phase_i_117_n_0
    SLICE_X51Y108        CARRY4 (Prop_carry4_DI[1]_O[2])
                                                      0.537    13.271 r  beat_strobe_phase_reg_i_79/O[2]
                         net (fo=1, routed)           0.432    13.703    beat_strobe_phase_reg_i_79_n_5
    SLICE_X50Y109        LUT2 (Prop_lut2_I1_O)        0.302    14.005 r  beat_strobe_phase_i_54/O
                         net (fo=1, routed)           0.000    14.005    beat_strobe_phase_i_54_n_0
    SLICE_X50Y109        CARRY4 (Prop_carry4_S[3]_CO[3])
                                                      0.376    14.381 r  beat_strobe_phase_reg_i_44/CO[3]
                         net (fo=1, routed)           0.000    14.381    beat_strobe_phase_reg_i_44_n_0
    SLICE_X50Y110        CARRY4 (Prop_carry4_CI_O[1])
                                                      0.323    14.704 r  beat_strobe_phase_reg_i_43/O[1]
                         net (fo=1, routed)           0.650    15.354    ws2812_inst/beat_strobe_phase_reg_i_20_0[1]
    SLICE_X50Y107        LUT2 (Prop_lut2_I1_O)        0.306    15.660 r  ws2812_inst/beat_strobe_phase_i_32/O
                         net (fo=1, routed)           0.000    15.660    ws2812_inst/beat_strobe_phase_i_32_n_0
    SLICE_X50Y107        CARRY4 (Prop_carry4_S[1]_O[3])
                                                      0.643    16.303 r  ws2812_inst/beat_strobe_phase_reg_i_20/O[3]
                         net (fo=3, routed)           0.477    16.780    ws2812_inst_n_113
    SLICE_X49Y107        CARRY4 (Prop_carry4_S[3]_O[3])
                                                      0.555    17.335 f  beat_strobe_phase_reg_i_17/O[3]
                         net (fo=1, routed)           0.891    18.225    ws2812_inst/beat_strobe_phase_i_3_3[3]
    SLICE_X48Y110        LUT3 (Prop_lut3_I1_O)        0.306    18.531 f  ws2812_inst/beat_strobe_phase_i_6/O
                         net (fo=2, routed)           0.292    18.823    ws2812_inst/beat_strobe_phase_i_6_n_0
    SLICE_X48Y110        LUT6 (Prop_lut6_I0_O)        0.124    18.947 r  ws2812_inst/beat_strobe_phase_i_3/O
                         net (fo=2, routed)           0.173    19.120    ws2812_inst/beat_strobe_phase_i_3_n_0
    SLICE_X48Y110        LUT6 (Prop_lut6_I2_O)        0.124    19.244 r  ws2812_inst/beat_strobe_phase_i_1/O
                         net (fo=1, routed)           0.000    19.244    ws2812_inst/beat_strobe_phase_i_1_n_0
    SLICE_X48Y110        FDCE                                         r  ws2812_inst/beat_strobe_phase_reg/D
  -------------------------------------------------------------------    -------------------

                         (clock sys_clk_pin rise edge)
                                                     10.000    10.000 r  
    W5                                                0.000    10.000 r  clk_100MHz (IN)
                         net (fo=0)                   0.000    10.000    clk_100MHz
    W5                   IBUF (Prop_ibuf_I_O)         1.388    11.388 r  clk_100MHz_IBUF_inst/O
                         net (fo=1, routed)           1.862    13.250    clk_100MHz_IBUF
    BUFGCTRL_X0Y0        BUFG (Prop_bufg_I_O)         0.091    13.341 r  clk_100MHz_IBUF_BUFG_inst/O
                         net (fo=1081, routed)        1.610    14.951    ws2812_inst/clk_100MHz_IBUF_BUFG
    SLICE_X48Y110        FDCE                                         r  ws2812_inst/beat_strobe_phase_reg/C
                         clock pessimism              0.267    15.218    
                         clock uncertainty           -0.035    15.183    
    SLICE_X48Y110        FDCE (Setup_fdce_C_D)        0.029    15.212    ws2812_inst/beat_strobe_phase_reg
  -------------------------------------------------------------------
                         required time                         15.212    
                         arrival time                         -19.244    
  -------------------------------------------------------------------
                         slack                                 -4.032    

Slack (VIOLATED) :        -4.027ns  (required time - arrival time)
  Source:                 ws2812_inst/beat_flash_cnt_reg[13]/C
                            (rising edge-triggered cell FDCE clocked by sys_clk_pin  {rise@0.000ns fall@5.000ns period=10.000ns})
  Destination:            ws2812_inst/beat_strobe_phase_reg_rep/D
                            (rising edge-triggered cell FDCE clocked by sys_clk_pin  {rise@0.000ns fall@5.000ns period=10.000ns})
  Path Group:             sys_clk_pin
  Path Type:              Setup (Max at Slow Process Corner)
  Requirement:            10.000ns  (sys_clk_pin rise@10.000ns - sys_clk_pin rise@0.000ns)
  Data Path Delay:        13.981ns  (logic 6.612ns (47.294%)  route 7.369ns (52.706%))
  Logic Levels:           21  (CARRY4=11 LUT2=2 LUT3=4 LUT5=1 LUT6=3)
  Clock Path Skew:        -0.042ns (DCD - SCD + CPR)
    Destination Clock Delay (DCD):    4.951ns = ( 14.951 - 10.000 ) 
    Source Clock Delay      (SCD):    5.260ns
    Clock Pessimism Removal (CPR):    0.267ns
  Clock Uncertainty:      0.035ns  ((TSJ^2 + TIJ^2)^1/2 + DJ) / 2 + PE
    Total System Jitter     (TSJ):    0.071ns
    Total Input Jitter      (TIJ):    0.000ns
    Discrete Jitter          (DJ):    0.000ns
    Phase Error              (PE):    0.000ns

    Location             Delay type                Incr(ns)  Path(ns)    Netlist Resource(s)
  -------------------------------------------------------------------    -------------------
                         (clock sys_clk_pin rise edge)
                                                      0.000     0.000 r  
    W5                                                0.000     0.000 r  clk_100MHz (IN)
                         net (fo=0)                   0.000     0.000    clk_100MHz
    W5                   IBUF (Prop_ibuf_I_O)         1.458     1.458 r  clk_100MHz_IBUF_inst/O
                         net (fo=1, routed)           1.967     3.425    clk_100MHz_IBUF
    BUFGCTRL_X0Y0        BUFG (Prop_bufg_I_O)         0.096     3.521 r  clk_100MHz_IBUF_BUFG_inst/O
                         net (fo=1081, routed)        1.739     5.260    ws2812_inst/clk_100MHz_IBUF_BUFG
    SLICE_X57Y104        FDCE                                         r  ws2812_inst/beat_flash_cnt_reg[13]/C
  -------------------------------------------------------------------    -------------------
    SLICE_X57Y104        FDCE (Prop_fdce_C_Q)         0.456     5.716 r  ws2812_inst/beat_flash_cnt_reg[13]/Q
                         net (fo=27, routed)          0.959     6.675    ws2812_inst/beat_flash_cnt_reg[13]
    SLICE_X57Y99         LUT3 (Prop_lut3_I0_O)        0.124     6.799 r  ws2812_inst/beat_strobe_phase_i_306/O
                         net (fo=1, routed)           0.625     7.424    ws2812_inst/beat_strobe_phase_i_306_n_0
    SLICE_X56Y103        CARRY4 (Prop_carry4_DI[1]_CO[3])
                                                      0.520     7.944 r  ws2812_inst/beat_strobe_phase_reg_i_260/CO[3]
                         net (fo=1, routed)           0.000     7.944    ws2812_inst/beat_strobe_phase_reg_i_260_n_0
    SLICE_X56Y104        CARRY4 (Prop_carry4_CI_CO[3])
                                                      0.117     8.061 r  ws2812_inst/beat_strobe_phase_reg_i_205/CO[3]
                         net (fo=1, routed)           0.000     8.061    ws2812_inst/beat_strobe_phase_reg_i_205_n_0
    SLICE_X56Y105        CARRY4 (Prop_carry4_CI_CO[3])
                                                      0.117     8.178 r  ws2812_inst/beat_strobe_phase_reg_i_134/CO[3]
                         net (fo=1, routed)           0.000     8.178    ws2812_inst/beat_strobe_phase_reg_i_134_n_0
    SLICE_X56Y106        CARRY4 (Prop_carry4_CI_O[0])
                                                      0.219     8.397 r  ws2812_inst/beat_strobe_phase_reg_i_94/O[0]
                         net (fo=3, routed)           0.633     9.030    ws2812_inst_n_24
    SLICE_X51Y105        LUT3 (Prop_lut3_I1_O)        0.295     9.325 r  beat_strobe_phase_i_133/O
                         net (fo=2, routed)           0.656     9.981    ws2812_inst/beat_strobe_phase_reg_i_60_2
    SLICE_X51Y105        LUT5 (Prop_lut5_I0_O)        0.124    10.105 r  ws2812_inst/beat_strobe_phase_i_82/O
                         net (fo=2, routed)           0.448    10.552    ws2812_inst/beat_strobe_phase_i_82_n_0
    SLICE_X52Y106        LUT6 (Prop_lut6_I0_O)        0.124    10.676 r  ws2812_inst/beat_strobe_phase_i_86/O
                         net (fo=1, routed)           0.000    10.676    ws2812_inst/beat_strobe_phase_i_86_n_0
    SLICE_X52Y106        CARRY4 (Prop_carry4_S[2]_CO[3])
                                                      0.380    11.056 r  ws2812_inst/beat_strobe_phase_reg_i_60/CO[3]
                         net (fo=1, routed)           0.000    11.056    ws2812_inst/beat_strobe_phase_reg_i_60_n_0
    SLICE_X52Y107        CARRY4 (Prop_carry4_CI_O[2])
                                                      0.239    11.295 r  ws2812_inst/beat_strobe_phase_reg_i_46/O[2]
                         net (fo=10, routed)          0.815    12.110    ws2812_inst_n_93
    SLICE_X53Y108        LUT3 (Prop_lut3_I0_O)        0.301    12.411 r  beat_strobe_phase_i_117/O
                         net (fo=1, routed)           0.323    12.734    beat_strobe_phase_i_117_n_0
    SLICE_X51Y108        CARRY4 (Prop_carry4_DI[1]_O[2])
                                                      0.537    13.271 r  beat_strobe_phase_reg_i_79/O[2]
                         net (fo=1, routed)           0.432    13.703    beat_strobe_phase_reg_i_79_n_5
    SLICE_X50Y109        LUT2 (Prop_lut2_I1_O)        0.302    14.005 r  beat_strobe_phase_i_54/O
                         net (fo=1, routed)           0.000    14.005    beat_strobe_phase_i_54_n_0
    SLICE_X50Y109        CARRY4 (Prop_carry4_S[3]_CO[3])
                                                      0.376    14.381 r  beat_strobe_phase_reg_i_44/CO[3]
                         net (fo=1, routed)           0.000    14.381    beat_strobe_phase_reg_i_44_n_0
    SLICE_X50Y110        CARRY4 (Prop_carry4_CI_O[1])
                                                      0.323    14.704 r  beat_strobe_phase_reg_i_43/O[1]
                         net (fo=1, routed)           0.650    15.354    ws2812_inst/beat_strobe_phase_reg_i_20_0[1]
    SLICE_X50Y107        LUT2 (Prop_lut2_I1_O)        0.306    15.660 r  ws2812_inst/beat_strobe_phase_i_32/O
                         net (fo=1, routed)           0.000    15.660    ws2812_inst/beat_strobe_phase_i_32_n_0
    SLICE_X50Y107        CARRY4 (Prop_carry4_S[1]_O[3])
                                                      0.643    16.303 r  ws2812_inst/beat_strobe_phase_reg_i_20/O[3]
                         net (fo=3, routed)           0.477    16.780    ws2812_inst_n_113
    SLICE_X49Y107        CARRY4 (Prop_carry4_S[3]_O[3])
                                                      0.555    17.335 f  beat_strobe_phase_reg_i_17/O[3]
                         net (fo=1, routed)           0.891    18.225    ws2812_inst/beat_strobe_phase_i_3_3[3]
    SLICE_X48Y110        LUT3 (Prop_lut3_I1_O)        0.306    18.531 f  ws2812_inst/beat_strobe_phase_i_6/O
                         net (fo=2, routed)           0.292    18.823    ws2812_inst/beat_strobe_phase_i_6_n_0
    SLICE_X48Y110        LUT6 (Prop_lut6_I0_O)        0.124    18.947 r  ws2812_inst/beat_strobe_phase_i_3/O
                         net (fo=2, routed)           0.170    19.117    ws2812_inst/beat_strobe_phase_i_3_n_0
    SLICE_X48Y110        LUT6 (Prop_lut6_I2_O)        0.124    19.241 r  ws2812_inst/beat_strobe_phase_rep_i_1/O
                         net (fo=1, routed)           0.000    19.241    ws2812_inst/beat_strobe_phase_rep_i_1_n_0
    SLICE_X48Y110        FDCE                                         r  ws2812_inst/beat_strobe_phase_reg_rep/D
  -------------------------------------------------------------------    -------------------

                         (clock sys_clk_pin rise edge)
                                                     10.000    10.000 r  
    W5                                                0.000    10.000 r  clk_100MHz (IN)
                         net (fo=0)                   0.000    10.000    clk_100MHz
    W5                   IBUF (Prop_ibuf_I_O)         1.388    11.388 r  clk_100MHz_IBUF_inst/O
                         net (fo=1, routed)           1.862    13.250    clk_100MHz_IBUF
    BUFGCTRL_X0Y0        BUFG (Prop_bufg_I_O)         0.091    13.341 r  clk_100MHz_IBUF_BUFG_inst/O
                         net (fo=1081, routed)        1.610    14.951    ws2812_inst/clk_100MHz_IBUF_BUFG
    SLICE_X48Y110        FDCE                                         r  ws2812_inst/beat_strobe_phase_reg_rep/C
                         clock pessimism              0.267    15.218    
                         clock uncertainty           -0.035    15.183    
    SLICE_X48Y110        FDCE (Setup_fdce_C_D)        0.031    15.214    ws2812_inst/beat_strobe_phase_reg_rep
  -------------------------------------------------------------------
                         required time                         15.214    
                         arrival time                         -19.241    
  -------------------------------------------------------------------
                         slack                                 -4.027    

Slack (VIOLATED) :        -1.746ns  (required time - arrival time)
  Source:                 ws2812_inst/bar_heights_packed_reg_2/CLKARDCLK
                            (rising edge-triggered cell RAMB18E1 clocked by sys_clk_pin  {rise@0.000ns fall@5.000ns period=10.000ns})
  Destination:            ws2812_inst/G_reg[14][4]/D
                            (rising edge-triggered cell FDCE clocked by sys_clk_pin  {rise@0.000ns fall@5.000ns period=10.000ns})
  Path Group:             sys_clk_pin
  Path Type:              Setup (Max at Slow Process Corner)
  Requirement:            10.000ns  (sys_clk_pin rise@10.000ns - sys_clk_pin rise@0.000ns)
  Data Path Delay:        11.584ns  (logic 5.281ns (45.591%)  route 6.303ns (54.409%))
  Logic Levels:           11  (CARRY4=4 LUT2=1 LUT4=1 LUT5=1 LUT6=4)
  Clock Path Skew:        -0.156ns (DCD - SCD + CPR)
    Destination Clock Delay (DCD):    4.766ns = ( 14.766 - 10.000 ) 
    Source Clock Delay      (SCD):    5.108ns
    Clock Pessimism Removal (CPR):    0.187ns
  Clock Uncertainty:      0.035ns  ((TSJ^2 + TIJ^2)^1/2 + DJ) / 2 + PE
    Total System Jitter     (TSJ):    0.071ns
    Total Input Jitter      (TIJ):    0.000ns
    Discrete Jitter          (DJ):    0.000ns
    Phase Error              (PE):    0.000ns

    Location             Delay type                Incr(ns)  Path(ns)    Netlist Resource(s)
  -------------------------------------------------------------------    -------------------
                         (clock sys_clk_pin rise edge)
                                                      0.000     0.000 r  
    W5                                                0.000     0.000 r  clk_100MHz (IN)
                         net (fo=0)                   0.000     0.000    clk_100MHz
    W5                   IBUF (Prop_ibuf_I_O)         1.458     1.458 r  clk_100MHz_IBUF_inst/O
                         net (fo=1, routed)           1.967     3.425    clk_100MHz_IBUF
    BUFGCTRL_X0Y0        BUFG (Prop_bufg_I_O)         0.096     3.521 r  clk_100MHz_IBUF_BUFG_inst/O
                         net (fo=1081, routed)        1.587     5.108    ws2812_inst/clk_100MHz_IBUF_BUFG
    RAMB18_X2Y30         RAMB18E1                                     r  ws2812_inst/bar_heights_packed_reg_2/CLKARDCLK
  -------------------------------------------------------------------    -------------------
    RAMB18_X2Y30         RAMB18E1 (Prop_ramb18e1_CLKARDCLK_DOADO[0])
                                                      2.454     7.562 r  ws2812_inst/bar_heights_packed_reg_2/DOADO[0]
                         net (fo=592, routed)         1.604     9.166    ws2812_inst/p_0_in3_in0
    SLICE_X47Y73         LUT2 (Prop_lut2_I1_O)        0.124     9.290 f  ws2812_inst/G[20][7]_i_3/O
                         net (fo=99, routed)          1.501    10.791    ws2812_inst/G[20][7]_i_3_n_0
    SLICE_X31Y71         LUT6 (Prop_lut6_I0_O)        0.124    10.915 r  ws2812_inst/G[16][2]_i_26/O
                         net (fo=7, routed)           0.805    11.720    ws2812_inst/G[16][2]_i_26_n_0
    SLICE_X32Y75         LUT6 (Prop_lut6_I0_O)        0.124    11.844 r  ws2812_inst/G[14][2]_i_34/O
                         net (fo=1, routed)           0.000    11.844    ws2812_inst/G[14][2]_i_34_n_0
    SLICE_X32Y75         CARRY4 (Prop_carry4_S[0]_CO[3])
                                                      0.532    12.376 r  ws2812_inst/G_reg[14][2]_i_13/CO[3]
                         net (fo=1, routed)           0.000    12.376    ws2812_inst/G_reg[14][2]_i_13_n_0
    SLICE_X32Y76         CARRY4 (Prop_carry4_CI_O[1])
                                                      0.334    12.710 r  ws2812_inst/G_reg[14][6]_i_14/O[1]
                         net (fo=3, routed)           0.696    13.406    ws2812_inst/G_reg[14][6]_i_14_n_6
    SLICE_X34Y79         LUT4 (Prop_lut4_I3_O)        0.303    13.709 f  ws2812_inst/G[14][2]_i_19/O
                         net (fo=2, routed)           0.704    14.413    ws2812_inst/G[14][2]_i_19_n_0
    SLICE_X33Y78         LUT6 (Prop_lut6_I5_O)        0.124    14.537 r  ws2812_inst/G[14][2]_i_4/O
                         net (fo=2, routed)           0.500    15.037    ws2812_inst/G[14][2]_i_4_n_0
    SLICE_X32Y78         LUT6 (Prop_lut6_I0_O)        0.124    15.161 r  ws2812_inst/G[14][2]_i_8/O
                         net (fo=1, routed)           0.000    15.161    ws2812_inst/G[14][2]_i_8_n_0
    SLICE_X32Y78         CARRY4 (Prop_carry4_S[3]_CO[3])
                                                      0.401    15.562 r  ws2812_inst/G_reg[14][2]_i_2/CO[3]
                         net (fo=1, routed)           0.000    15.562    ws2812_inst/G_reg[14][2]_i_2_n_0
    SLICE_X32Y79         CARRY4 (Prop_carry4_CI_O[1])
                                                      0.334    15.896 r  ws2812_inst/G_reg[14][6]_i_2/O[1]
                         net (fo=1, routed)           0.493    16.389    ws2812_inst/G_reg[14][6]_i_2_n_6
    SLICE_X33Y81         LUT5 (Prop_lut5_I3_O)        0.303    16.692 r  ws2812_inst/G[14][4]_i_1/O
                         net (fo=1, routed)           0.000    16.692    ws2812_inst/G[14][4]_i_1_n_0
    SLICE_X33Y81         FDCE                                         r  ws2812_inst/G_reg[14][4]/D
  -------------------------------------------------------------------    -------------------

                         (clock sys_clk_pin rise edge)
                                                     10.000    10.000 r  
    W5                                                0.000    10.000 r  clk_100MHz (IN)
                         net (fo=0)                   0.000    10.000    clk_100MHz
    W5                   IBUF (Prop_ibuf_I_O)         1.388    11.388 r  clk_100MHz_IBUF_inst/O
                         net (fo=1, routed)           1.862    13.250    clk_100MHz_IBUF
    BUFGCTRL_X0Y0        BUFG (Prop_bufg_I_O)         0.091    13.341 r  clk_100MHz_IBUF_BUFG_inst/O
                         net (fo=1081, routed)        1.425    14.766    ws2812_inst/clk_100MHz_IBUF_BUFG
    SLICE_X33Y81         FDCE                                         r  ws2812_inst/G_reg[14][4]/C
                         clock pessimism              0.187    14.953    
                         clock uncertainty           -0.035    14.917    
    SLICE_X33Y81         FDCE (Setup_fdce_C_D)        0.029    14.946    ws2812_inst/G_reg[14][4]
  -------------------------------------------------------------------
                         required time                         14.946    
                         arrival time                         -16.692    
  -------------------------------------------------------------------
                         slack                                 -1.746    

Slack (VIOLATED) :        -1.693ns  (required time - arrival time)
  Source:                 ws2812_inst/bar_heights_packed_reg_2/CLKARDCLK
                            (rising edge-triggered cell RAMB18E1 clocked by sys_clk_pin  {rise@0.000ns fall@5.000ns period=10.000ns})
  Destination:            ws2812_inst/G_reg[14][3]/D
                            (rising edge-triggered cell FDCE clocked by sys_clk_pin  {rise@0.000ns fall@5.000ns period=10.000ns})
  Path Group:             sys_clk_pin
  Path Type:              Setup (Max at Slow Process Corner)
  Requirement:            10.000ns  (sys_clk_pin rise@10.000ns - sys_clk_pin rise@0.000ns)
  Data Path Delay:        11.576ns  (logic 5.165ns (44.616%)  route 6.411ns (55.384%))
  Logic Levels:           11  (CARRY4=4 LUT2=1 LUT4=1 LUT5=1 LUT6=4)
  Clock Path Skew:        -0.158ns (DCD - SCD + CPR)
    Destination Clock Delay (DCD):    4.764ns = ( 14.764 - 10.000 ) 
    Source Clock Delay      (SCD):    5.108ns
    Clock Pessimism Removal (CPR):    0.187ns
  Clock Uncertainty:      0.035ns  ((TSJ^2 + TIJ^2)^1/2 + DJ) / 2 + PE
    Total System Jitter     (TSJ):    0.071ns
    Total Input Jitter      (TIJ):    0.000ns
    Discrete Jitter          (DJ):    0.000ns
    Phase Error              (PE):    0.000ns

    Location             Delay type                Incr(ns)  Path(ns)    Netlist Resource(s)
  -------------------------------------------------------------------    -------------------
                         (clock sys_clk_pin rise edge)
                                                      0.000     0.000 r  
    W5                                                0.000     0.000 r  clk_100MHz (IN)
                         net (fo=0)                   0.000     0.000    clk_100MHz
    W5                   IBUF (Prop_ibuf_I_O)         1.458     1.458 r  clk_100MHz_IBUF_inst/O
                         net (fo=1, routed)           1.967     3.425    clk_100MHz_IBUF
    BUFGCTRL_X0Y0        BUFG (Prop_bufg_I_O)         0.096     3.521 r  clk_100MHz_IBUF_BUFG_inst/O
                         net (fo=1081, routed)        1.587     5.108    ws2812_inst/clk_100MHz_IBUF_BUFG
    RAMB18_X2Y30         RAMB18E1                                     r  ws2812_inst/bar_heights_packed_reg_2/CLKARDCLK
  -------------------------------------------------------------------    -------------------
    RAMB18_X2Y30         RAMB18E1 (Prop_ramb18e1_CLKARDCLK_DOADO[0])
                                                      2.454     7.562 r  ws2812_inst/bar_heights_packed_reg_2/DOADO[0]
                         net (fo=592, routed)         1.604     9.166    ws2812_inst/p_0_in3_in0
    SLICE_X47Y73         LUT2 (Prop_lut2_I1_O)        0.124     9.290 f  ws2812_inst/G[20][7]_i_3/O
                         net (fo=99, routed)          1.501    10.791    ws2812_inst/G[20][7]_i_3_n_0
    SLICE_X31Y71         LUT6 (Prop_lut6_I0_O)        0.124    10.915 r  ws2812_inst/G[16][2]_i_26/O
                         net (fo=7, routed)           0.805    11.720    ws2812_inst/G[16][2]_i_26_n_0
    SLICE_X32Y75         LUT6 (Prop_lut6_I0_O)        0.124    11.844 r  ws2812_inst/G[14][2]_i_34/O
                         net (fo=1, routed)           0.000    11.844    ws2812_inst/G[14][2]_i_34_n_0
    SLICE_X32Y75         CARRY4 (Prop_carry4_S[0]_CO[3])
                                                      0.532    12.376 r  ws2812_inst/G_reg[14][2]_i_13/CO[3]
                         net (fo=1, routed)           0.000    12.376    ws2812_inst/G_reg[14][2]_i_13_n_0
    SLICE_X32Y76         CARRY4 (Prop_carry4_CI_O[1])
                                                      0.334    12.710 r  ws2812_inst/G_reg[14][6]_i_14/O[1]
                         net (fo=3, routed)           0.696    13.406    ws2812_inst/G_reg[14][6]_i_14_n_6
    SLICE_X34Y79         LUT4 (Prop_lut4_I3_O)        0.303    13.709 f  ws2812_inst/G[14][2]_i_19/O
                         net (fo=2, routed)           0.704    14.413    ws2812_inst/G[14][2]_i_19_n_0
    SLICE_X33Y78         LUT6 (Prop_lut6_I5_O)        0.124    14.537 r  ws2812_inst/G[14][2]_i_4/O
                         net (fo=2, routed)           0.500    15.037    ws2812_inst/G[14][2]_i_4_n_0
    SLICE_X32Y78         LUT6 (Prop_lut6_I0_O)        0.124    15.161 r  ws2812_inst/G[14][2]_i_8/O
                         net (fo=1, routed)           0.000    15.161    ws2812_inst/G[14][2]_i_8_n_0
    SLICE_X32Y78         CARRY4 (Prop_carry4_S[3]_CO[3])
                                                      0.401    15.562 r  ws2812_inst/G_reg[14][2]_i_2/CO[3]
                         net (fo=1, routed)           0.000    15.562    ws2812_inst/G_reg[14][2]_i_2_n_0
    SLICE_X32Y79         CARRY4 (Prop_carry4_CI_O[0])
                                                      0.222    15.784 r  ws2812_inst/G_reg[14][6]_i_2/O[0]
                         net (fo=1, routed)           0.602    16.386    ws2812_inst/G_reg[14][6]_i_2_n_7
    SLICE_X34Y79         LUT5 (Prop_lut5_I3_O)        0.299    16.685 r  ws2812_inst/G[14][3]_i_1/O
                         net (fo=1, routed)           0.000    16.685    ws2812_inst/G[14][3]_i_1_n_0
    SLICE_X34Y79         FDCE                                         r  ws2812_inst/G_reg[14][3]/D
  -------------------------------------------------------------------    -------------------

                         (clock sys_clk_pin rise edge)
                                                     10.000    10.000 r  
    W5                                                0.000    10.000 r  clk_100MHz (IN)
                         net (fo=0)                   0.000    10.000    clk_100MHz
    W5                   IBUF (Prop_ibuf_I_O)         1.388    11.388 r  clk_100MHz_IBUF_inst/O
                         net (fo=1, routed)           1.862    13.250    clk_100MHz_IBUF
    BUFGCTRL_X0Y0        BUFG (Prop_bufg_I_O)         0.091    13.341 r  clk_100MHz_IBUF_BUFG_inst/O
                         net (fo=1081, routed)        1.423    14.764    ws2812_inst/clk_100MHz_IBUF_BUFG
    SLICE_X34Y79         FDCE                                         r  ws2812_inst/G_reg[14][3]/C
                         clock pessimism              0.187    14.951    
                         clock uncertainty           -0.035    14.915    
    SLICE_X34Y79         FDCE (Setup_fdce_C_D)        0.077    14.992    ws2812_inst/G_reg[14][3]
  -------------------------------------------------------------------
                         required time                         14.992    
                         arrival time                         -16.685    
  -------------------------------------------------------------------
                         slack                                 -1.693    

Slack (VIOLATED) :        -1.685ns  (required time - arrival time)
  Source:                 ws2812_inst/bar_heights_packed_reg_2/CLKARDCLK
                            (rising edge-triggered cell RAMB18E1 clocked by sys_clk_pin  {rise@0.000ns fall@5.000ns period=10.000ns})
  Destination:            ws2812_inst/G_reg[14][6]/D
                            (rising edge-triggered cell FDCE clocked by sys_clk_pin  {rise@0.000ns fall@5.000ns period=10.000ns})
  Path Group:             sys_clk_pin
  Path Type:              Setup (Max at Slow Process Corner)
  Requirement:            10.000ns  (sys_clk_pin rise@10.000ns - sys_clk_pin rise@0.000ns)
  Data Path Delay:        11.521ns  (logic 5.263ns (45.683%)  route 6.258ns (54.317%))
  Logic Levels:           11  (CARRY4=4 LUT2=1 LUT4=1 LUT5=1 LUT6=4)
  Clock Path Skew:        -0.158ns (DCD - SCD + CPR)
    Destination Clock Delay (DCD):    4.764ns = ( 14.764 - 10.000 ) 
    Source Clock Delay      (SCD):    5.108ns
    Clock Pessimism Removal (CPR):    0.187ns
  Clock Uncertainty:      0.035ns  ((TSJ^2 + TIJ^2)^1/2 + DJ) / 2 + PE
    Total System Jitter     (TSJ):    0.071ns
    Total Input Jitter      (TIJ):    0.000ns
    Discrete Jitter          (DJ):    0.000ns
    Phase Error              (PE):    0.000ns

    Location             Delay type                Incr(ns)  Path(ns)    Netlist Resource(s)
  -------------------------------------------------------------------    -------------------
                         (clock sys_clk_pin rise edge)
                                                      0.000     0.000 r  
    W5                                                0.000     0.000 r  clk_100MHz (IN)
                         net (fo=0)                   0.000     0.000    clk_100MHz
    W5                   IBUF (Prop_ibuf_I_O)         1.458     1.458 r  clk_100MHz_IBUF_inst/O
                         net (fo=1, routed)           1.967     3.425    clk_100MHz_IBUF
    BUFGCTRL_X0Y0        BUFG (Prop_bufg_I_O)         0.096     3.521 r  clk_100MHz_IBUF_BUFG_inst/O
                         net (fo=1081, routed)        1.587     5.108    ws2812_inst/clk_100MHz_IBUF_BUFG
    RAMB18_X2Y30         RAMB18E1                                     r  ws2812_inst/bar_heights_packed_reg_2/CLKARDCLK
  -------------------------------------------------------------------    -------------------
    RAMB18_X2Y30         RAMB18E1 (Prop_ramb18e1_CLKARDCLK_DOADO[0])
                                                      2.454     7.562 r  ws2812_inst/bar_heights_packed_reg_2/DOADO[0]
                         net (fo=592, routed)         1.604     9.166    ws2812_inst/p_0_in3_in0
    SLICE_X47Y73         LUT2 (Prop_lut2_I1_O)        0.124     9.290 f  ws2812_inst/G[20][7]_i_3/O
                         net (fo=99, routed)          1.501    10.791    ws2812_inst/G[20][7]_i_3_n_0
    SLICE_X31Y71         LUT6 (Prop_lut6_I0_O)        0.124    10.915 r  ws2812_inst/G[16][2]_i_26/O
                         net (fo=7, routed)           0.805    11.720    ws2812_inst/G[16][2]_i_26_n_0
    SLICE_X32Y75         LUT6 (Prop_lut6_I0_O)        0.124    11.844 r  ws2812_inst/G[14][2]_i_34/O
                         net (fo=1, routed)           0.000    11.844    ws2812_inst/G[14][2]_i_34_n_0
    SLICE_X32Y75         CARRY4 (Prop_carry4_S[0]_CO[3])
                                                      0.532    12.376 r  ws2812_inst/G_reg[14][2]_i_13/CO[3]
                         net (fo=1, routed)           0.000    12.376    ws2812_inst/G_reg[14][2]_i_13_n_0
    SLICE_X32Y76         CARRY4 (Prop_carry4_CI_O[1])
                                                      0.334    12.710 r  ws2812_inst/G_reg[14][6]_i_14/O[1]
                         net (fo=3, routed)           0.696    13.406    ws2812_inst/G_reg[14][6]_i_14_n_6
    SLICE_X34Y79         LUT4 (Prop_lut4_I3_O)        0.303    13.709 f  ws2812_inst/G[14][2]_i_19/O
                         net (fo=2, routed)           0.704    14.413    ws2812_inst/G[14][2]_i_19_n_0
    SLICE_X33Y78         LUT6 (Prop_lut6_I5_O)        0.124    14.537 r  ws2812_inst/G[14][2]_i_4/O
                         net (fo=2, routed)           0.500    15.037    ws2812_inst/G[14][2]_i_4_n_0
    SLICE_X32Y78         LUT6 (Prop_lut6_I0_O)        0.124    15.161 r  ws2812_inst/G[14][2]_i_8/O
                         net (fo=1, routed)           0.000    15.161    ws2812_inst/G[14][2]_i_8_n_0
    SLICE_X32Y78         CARRY4 (Prop_carry4_S[3]_CO[3])
                                                      0.401    15.562 r  ws2812_inst/G_reg[14][2]_i_2/CO[3]
                         net (fo=1, routed)           0.000    15.562    ws2812_inst/G_reg[14][2]_i_2_n_0
    SLICE_X32Y79         CARRY4 (Prop_carry4_CI_O[3])
                                                      0.313    15.875 r  ws2812_inst/G_reg[14][6]_i_2/O[3]
                         net (fo=1, routed)           0.448    16.323    ws2812_inst/G_reg[14][6]_i_2_n_4
    SLICE_X35Y80         LUT5 (Prop_lut5_I3_O)        0.306    16.629 r  ws2812_inst/G[14][6]_i_1/O
                         net (fo=1, routed)           0.000    16.629    ws2812_inst/G[14][6]_i_1_n_0
    SLICE_X35Y80         FDCE                                         r  ws2812_inst/G_reg[14][6]/D
  -------------------------------------------------------------------    -------------------

                         (clock sys_clk_pin rise edge)
                                                     10.000    10.000 r  
    W5                                                0.000    10.000 r  clk_100MHz (IN)
                         net (fo=0)                   0.000    10.000    clk_100MHz
    W5                   IBUF (Prop_ibuf_I_O)         1.388    11.388 r  clk_100MHz_IBUF_inst/O
                         net (fo=1, routed)           1.862    13.250    clk_100MHz_IBUF
    BUFGCTRL_X0Y0        BUFG (Prop_bufg_I_O)         0.091    13.341 r  clk_100MHz_IBUF_BUFG_inst/O
                         net (fo=1081, routed)        1.423    14.764    ws2812_inst/clk_100MHz_IBUF_BUFG
    SLICE_X35Y80         FDCE                                         r  ws2812_inst/G_reg[14][6]/C
                         clock pessimism              0.187    14.951    
                         clock uncertainty           -0.035    14.915    
    SLICE_X35Y80         FDCE (Setup_fdce_C_D)        0.029    14.944    ws2812_inst/G_reg[14][6]
  -------------------------------------------------------------------
                         required time                         14.944    
                         arrival time                         -16.629    
  -------------------------------------------------------------------
                         slack                                 -1.685    

Slack (VIOLATED) :        -1.636ns  (required time - arrival time)
  Source:                 ws2812_inst/bar_heights_packed_reg_2/CLKARDCLK
                            (rising edge-triggered cell RAMB18E1 clocked by sys_clk_pin  {rise@0.000ns fall@5.000ns period=10.000ns})
  Destination:            ws2812_inst/G_reg[10][6]/D
                            (rising edge-triggered cell FDCE clocked by sys_clk_pin  {rise@0.000ns fall@5.000ns period=10.000ns})
  Path Group:             sys_clk_pin
  Path Type:              Setup (Max at Slow Process Corner)
  Requirement:            10.000ns  (sys_clk_pin rise@10.000ns - sys_clk_pin rise@0.000ns)
  Data Path Delay:        11.475ns  (logic 5.201ns (45.325%)  route 6.274ns (54.675%))
  Logic Levels:           11  (CARRY4=3 LUT2=1 LUT4=1 LUT5=2 LUT6=4)
  Clock Path Skew:        -0.157ns (DCD - SCD + CPR)
    Destination Clock Delay (DCD):    4.765ns = ( 14.765 - 10.000 ) 
    Source Clock Delay      (SCD):    5.108ns
    Clock Pessimism Removal (CPR):    0.187ns
  Clock Uncertainty:      0.035ns  ((TSJ^2 + TIJ^2)^1/2 + DJ) / 2 + PE
    Total System Jitter     (TSJ):    0.071ns
    Total Input Jitter      (TIJ):    0.000ns
    Discrete Jitter          (DJ):    0.000ns
    Phase Error              (PE):    0.000ns

    Location             Delay type                Incr(ns)  Path(ns)    Netlist Resource(s)
  -------------------------------------------------------------------    -------------------
                         (clock sys_clk_pin rise edge)
                                                      0.000     0.000 r  
    W5                                                0.000     0.000 r  clk_100MHz (IN)
                         net (fo=0)                   0.000     0.000    clk_100MHz
    W5                   IBUF (Prop_ibuf_I_O)         1.458     1.458 r  clk_100MHz_IBUF_inst/O
                         net (fo=1, routed)           1.967     3.425    clk_100MHz_IBUF
    BUFGCTRL_X0Y0        BUFG (Prop_bufg_I_O)         0.096     3.521 r  clk_100MHz_IBUF_BUFG_inst/O
                         net (fo=1081, routed)        1.587     5.108    ws2812_inst/clk_100MHz_IBUF_BUFG
    RAMB18_X2Y30         RAMB18E1                                     r  ws2812_inst/bar_heights_packed_reg_2/CLKARDCLK
  -------------------------------------------------------------------    -------------------
    RAMB18_X2Y30         RAMB18E1 (Prop_ramb18e1_CLKARDCLK_DOADO[0])
                                                      2.454     7.562 r  ws2812_inst/bar_heights_packed_reg_2/DOADO[0]
                         net (fo=592, routed)         1.709     9.271    ws2812_inst/p_0_in3_in0
    SLICE_X47Y71         LUT5 (Prop_lut5_I1_O)        0.124     9.395 f  ws2812_inst/G[0][7]_i_9/O
                         net (fo=90, routed)          1.287    10.682    ws2812_inst/G[0][7]_i_9_n_0
    SLICE_X30Y69         LUT4 (Prop_lut4_I0_O)        0.124    10.806 r  ws2812_inst/G[10][2]_i_50/O
                         net (fo=1, routed)           0.680    11.486    ws2812_inst/G[10][2]_i_50_n_0
    SLICE_X30Y69         LUT6 (Prop_lut6_I0_O)        0.124    11.610 r  ws2812_inst/G[10][2]_i_29/O
                         net (fo=2, routed)           0.419    12.029    ws2812_inst/G[10][2]_i_29_n_0
    SLICE_X31Y68         LUT6 (Prop_lut6_I0_O)        0.124    12.153 r  ws2812_inst/G[10][2]_i_33/O
                         net (fo=1, routed)           0.000    12.153    ws2812_inst/G[10][2]_i_33_n_0
    SLICE_X31Y68         CARRY4 (Prop_carry4_S[1]_CO[3])
                                                      0.550    12.703 r  ws2812_inst/G_reg[10][2]_i_13/CO[3]
                         net (fo=1, routed)           0.000    12.703    ws2812_inst/G_reg[10][2]_i_13_n_0
    SLICE_X31Y69         CARRY4 (Prop_carry4_CI_CO[2])
                                                      0.228    12.931 r  ws2812_inst/G_reg[10][6]_i_12/CO[2]
                         net (fo=4, routed)           0.509    13.440    ws2812_inst_n_382
    SLICE_X30Y68         LUT2 (Prop_lut2_I0_O)        0.313    13.753 r  G[10][6]_i_15/O
                         net (fo=1, routed)           0.493    14.247    ws2812_inst/G_reg[10][6]_i_2_0
    SLICE_X30Y68         LUT6 (Prop_lut6_I4_O)        0.124    14.371 r  ws2812_inst/G[10][6]_i_6/O
                         net (fo=2, routed)           0.597    14.968    ws2812_inst/G[10][6]_i_6_n_0
    SLICE_X32Y69         LUT6 (Prop_lut6_I0_O)        0.124    15.092 r  ws2812_inst/G[10][6]_i_10/O
                         net (fo=1, routed)           0.000    15.092    ws2812_inst/G[10][6]_i_10_n_0
    SLICE_X32Y69         CARRY4 (Prop_carry4_S[0]_O[3])
                                                      0.606    15.698 r  ws2812_inst/G_reg[10][6]_i_2/O[3]
                         net (fo=1, routed)           0.579    16.277    ws2812_inst/G_reg[10][6]_i_2_n_4
    SLICE_X33Y70         LUT5 (Prop_lut5_I3_O)        0.306    16.583 r  ws2812_inst/G[10][6]_i_1/O
                         net (fo=1, routed)           0.000    16.583    ws2812_inst/G[10][6]_i_1_n_0
    SLICE_X33Y70         FDCE                                         r  ws2812_inst/G_reg[10][6]/D
  -------------------------------------------------------------------    -------------------

                         (clock sys_clk_pin rise edge)
                                                     10.000    10.000 r  
    W5                                                0.000    10.000 r  clk_100MHz (IN)
                         net (fo=0)                   0.000    10.000    clk_100MHz
    W5                   IBUF (Prop_ibuf_I_O)         1.388    11.388 r  clk_100MHz_IBUF_inst/O
                         net (fo=1, routed)           1.862    13.250    clk_100MHz_IBUF
    BUFGCTRL_X0Y0        BUFG (Prop_bufg_I_O)         0.091    13.341 r  clk_100MHz_IBUF_BUFG_inst/O
                         net (fo=1081, routed)        1.424    14.765    ws2812_inst/clk_100MHz_IBUF_BUFG
    SLICE_X33Y70         FDCE                                         r  ws2812_inst/G_reg[10][6]/C
                         clock pessimism              0.187    14.952    
                         clock uncertainty           -0.035    14.916    
    SLICE_X33Y70         FDCE (Setup_fdce_C_D)        0.031    14.947    ws2812_inst/G_reg[10][6]
  -------------------------------------------------------------------
                         required time                         14.947    
                         arrival time                         -16.583    
  -------------------------------------------------------------------
                         slack                                 -1.636    

Slack (VIOLATED) :        -1.629ns  (required time - arrival time)
  Source:                 ws2812_inst/bar_heights_packed_reg_1/CLKARDCLK
                            (rising edge-triggered cell RAMB36E1 clocked by sys_clk_pin  {rise@0.000ns fall@5.000ns period=10.000ns})
  Destination:            ws2812_inst/B_reg[2][6]/D
                            (rising edge-triggered cell FDCE clocked by sys_clk_pin  {rise@0.000ns fall@5.000ns period=10.000ns})
  Path Group:             sys_clk_pin
  Path Type:              Setup (Max at Slow Process Corner)
  Requirement:            10.000ns  (sys_clk_pin rise@10.000ns - sys_clk_pin rise@0.000ns)
  Data Path Delay:        11.483ns  (logic 5.263ns (45.831%)  route 6.220ns (54.169%))
  Logic Levels:           11  (CARRY4=4 LUT4=1 LUT5=2 LUT6=4)
  Clock Path Skew:        -0.141ns (DCD - SCD + CPR)
    Destination Clock Delay (DCD):    4.776ns = ( 14.776 - 10.000 ) 
    Source Clock Delay      (SCD):    5.103ns
    Clock Pessimism Removal (CPR):    0.187ns
  Clock Uncertainty:      0.035ns  ((TSJ^2 + TIJ^2)^1/2 + DJ) / 2 + PE
    Total System Jitter     (TSJ):    0.071ns
    Total Input Jitter      (TIJ):    0.000ns
    Discrete Jitter          (DJ):    0.000ns
    Phase Error              (PE):    0.000ns

    Location             Delay type                Incr(ns)  Path(ns)    Netlist Resource(s)
  -------------------------------------------------------------------    -------------------
                         (clock sys_clk_pin rise edge)
                                                      0.000     0.000 r  
    W5                                                0.000     0.000 r  clk_100MHz (IN)
                         net (fo=0)                   0.000     0.000    clk_100MHz
    W5                   IBUF (Prop_ibuf_I_O)         1.458     1.458 r  clk_100MHz_IBUF_inst/O
                         net (fo=1, routed)           1.967     3.425    clk_100MHz_IBUF
    BUFGCTRL_X0Y0        BUFG (Prop_bufg_I_O)         0.096     3.521 r  clk_100MHz_IBUF_BUFG_inst/O
                         net (fo=1081, routed)        1.582     5.103    ws2812_inst/clk_100MHz_IBUF_BUFG
    RAMB36_X1Y14         RAMB36E1                                     r  ws2812_inst/bar_heights_packed_reg_1/CLKARDCLK
  -------------------------------------------------------------------    -------------------
    RAMB36_X1Y14         RAMB36E1 (Prop_ramb36e1_CLKARDCLK_DOADO[1])
                                                      2.454     7.557 r  ws2812_inst/bar_heights_packed_reg_1/DOADO[1]
                         net (fo=561, routed)         1.875     9.432    ws2812_inst/bar_heights_packed_reg_1_n_34
    SLICE_X49Y88         LUT5 (Prop_lut5_I3_O)        0.124     9.556 f  ws2812_inst/B[18][2]_i_24/O
                         net (fo=90, routed)          1.157    10.714    ws2812_inst/B[18][2]_i_24_n_0
    SLICE_X41Y87         LUT6 (Prop_lut6_I0_O)        0.124    10.838 r  ws2812_inst/B[0][2]_i_32/O
                         net (fo=12, routed)          1.018    11.856    ws2812_inst/B[0][2]_i_32_n_0
    SLICE_X36Y94         LUT6 (Prop_lut6_I0_O)        0.124    11.980 r  ws2812_inst/B[2][2]_i_26/O
                         net (fo=1, routed)           0.000    11.980    ws2812_inst/B[2][2]_i_26_n_0
    SLICE_X36Y94         CARRY4 (Prop_carry4_S[0]_CO[3])
                                                      0.532    12.512 r  ws2812_inst/B_reg[2][2]_i_13/CO[3]
                         net (fo=1, routed)           0.000    12.512    ws2812_inst/B_reg[2][2]_i_13_n_0
    SLICE_X36Y95         CARRY4 (Prop_carry4_CI_O[1])
                                                      0.334    12.846 r  ws2812_inst/B_reg[2][6]_i_12/O[1]
                         net (fo=3, routed)           0.732    13.578    ws2812_inst/B_reg[2][6]_i_12_n_6
    SLICE_X35Y98         LUT4 (Prop_lut4_I3_O)        0.303    13.881 f  ws2812_inst/B[2][2]_i_19/O
                         net (fo=2, routed)           0.415    14.296    ws2812_inst/B[2][2]_i_19_n_0
    SLICE_X35Y98         LUT6 (Prop_lut6_I5_O)        0.124    14.420 r  ws2812_inst/B[2][2]_i_4/O
                         net (fo=2, routed)           0.590    15.010    ws2812_inst/B[2][2]_i_4_n_0
    SLICE_X36Y98         LUT6 (Prop_lut6_I0_O)        0.124    15.134 r  ws2812_inst/B[2][2]_i_8/O
                         net (fo=1, routed)           0.000    15.134    ws2812_inst/B[2][2]_i_8_n_0
    SLICE_X36Y98         CARRY4 (Prop_carry4_S[3]_CO[3])
                                                      0.401    15.535 r  ws2812_inst/B_reg[2][2]_i_2/CO[3]
                         net (fo=1, routed)           0.000    15.535    ws2812_inst/B_reg[2][2]_i_2_n_0
    SLICE_X36Y99         CARRY4 (Prop_carry4_CI_O[3])
                                                      0.313    15.848 r  ws2812_inst/B_reg[2][6]_i_2/O[3]
                         net (fo=1, routed)           0.433    16.281    ws2812_inst/B_reg[2][6]_i_2_n_4
    SLICE_X35Y99         LUT5 (Prop_lut5_I4_O)        0.306    16.587 r  ws2812_inst/B[2][6]_i_1/O
                         net (fo=1, routed)           0.000    16.587    ws2812_inst/B[2][6]_i_1_n_0
    SLICE_X35Y99         FDCE                                         r  ws2812_inst/B_reg[2][6]/D
  -------------------------------------------------------------------    -------------------

                         (clock sys_clk_pin rise edge)
                                                     10.000    10.000 r  
    W5                                                0.000    10.000 r  clk_100MHz (IN)
                         net (fo=0)                   0.000    10.000    clk_100MHz
    W5                   IBUF (Prop_ibuf_I_O)         1.388    11.388 r  clk_100MHz_IBUF_inst/O
                         net (fo=1, routed)           1.862    13.250    clk_100MHz_IBUF
    BUFGCTRL_X0Y0        BUFG (Prop_bufg_I_O)         0.091    13.341 r  clk_100MHz_IBUF_BUFG_inst/O
                         net (fo=1081, routed)        1.435    14.776    ws2812_inst/clk_100MHz_IBUF_BUFG
    SLICE_X35Y99         FDCE                                         r  ws2812_inst/B_reg[2][6]/C
                         clock pessimism              0.187    14.963    
                         clock uncertainty           -0.035    14.927    
    SLICE_X35Y99         FDCE (Setup_fdce_C_D)        0.031    14.958    ws2812_inst/B_reg[2][6]
  -------------------------------------------------------------------
                         required time                         14.958    
                         arrival time                         -16.587    
  -------------------------------------------------------------------
                         slack                                 -1.629    

Slack (VIOLATED) :        -1.570ns  (required time - arrival time)
  Source:                 ws2812_inst/bar_heights_packed_reg_2/CLKARDCLK
                            (rising edge-triggered cell RAMB18E1 clocked by sys_clk_pin  {rise@0.000ns fall@5.000ns period=10.000ns})
  Destination:            ws2812_inst/G_reg[20][4]/D
                            (rising edge-triggered cell FDCE clocked by sys_clk_pin  {rise@0.000ns fall@5.000ns period=10.000ns})
  Path Group:             sys_clk_pin
  Path Type:              Setup (Max at Slow Process Corner)
  Requirement:            10.000ns  (sys_clk_pin rise@10.000ns - sys_clk_pin rise@0.000ns)
  Data Path Delay:        11.406ns  (logic 4.961ns (43.494%)  route 6.445ns (56.506%))
  Logic Levels:           10  (CARRY4=3 LUT5=2 LUT6=5)
  Clock Path Skew:        -0.160ns (DCD - SCD + CPR)
    Destination Clock Delay (DCD):    4.762ns = ( 14.762 - 10.000 ) 
    Source Clock Delay      (SCD):    5.108ns
    Clock Pessimism Removal (CPR):    0.187ns
  Clock Uncertainty:      0.035ns  ((TSJ^2 + TIJ^2)^1/2 + DJ) / 2 + PE
    Total System Jitter     (TSJ):    0.071ns
    Total Input Jitter      (TIJ):    0.000ns
    Discrete Jitter          (DJ):    0.000ns
    Phase Error              (PE):    0.000ns

    Location             Delay type                Incr(ns)  Path(ns)    Netlist Resource(s)
  -------------------------------------------------------------------    -------------------
                         (clock sys_clk_pin rise edge)
                                                      0.000     0.000 r  
    W5                                                0.000     0.000 r  clk_100MHz (IN)
                         net (fo=0)                   0.000     0.000    clk_100MHz
    W5                   IBUF (Prop_ibuf_I_O)         1.458     1.458 r  clk_100MHz_IBUF_inst/O
                         net (fo=1, routed)           1.967     3.425    clk_100MHz_IBUF
    BUFGCTRL_X0Y0        BUFG (Prop_bufg_I_O)         0.096     3.521 r  clk_100MHz_IBUF_BUFG_inst/O
                         net (fo=1081, routed)        1.587     5.108    ws2812_inst/clk_100MHz_IBUF_BUFG
    RAMB18_X2Y30         RAMB18E1                                     r  ws2812_inst/bar_heights_packed_reg_2/CLKARDCLK
  -------------------------------------------------------------------    -------------------
    RAMB18_X2Y30         RAMB18E1 (Prop_ramb18e1_CLKARDCLK_DOADO[0])
                                                      2.454     7.562 r  ws2812_inst/bar_heights_packed_reg_2/DOADO[0]
                         net (fo=592, routed)         1.873     9.435    ws2812_inst/p_0_in3_in0
    SLICE_X44Y72         LUT5 (Prop_lut5_I1_O)        0.124     9.559 f  ws2812_inst/G[18][2]_i_24/O
                         net (fo=90, routed)          1.478    11.037    ws2812_inst/G[18][2]_i_24_n_0
    SLICE_X30Y70         LUT6 (Prop_lut6_I2_O)        0.124    11.161 r  ws2812_inst/G[20][6]_i_21/O
                         net (fo=2, routed)           0.736    11.897    ws2812_inst/G[20][6]_i_21_n_0
    SLICE_X35Y72         LUT6 (Prop_lut6_I0_O)        0.124    12.021 r  ws2812_inst/G[20][6]_i_25/O
                         net (fo=1, routed)           0.000    12.021    ws2812_inst/G[20][6]_i_25_n_0
    SLICE_X35Y72         CARRY4 (Prop_carry4_S[0]_O[2])
                                                      0.547    12.568 r  ws2812_inst/G_reg[20][6]_i_11/O[2]
                         net (fo=3, routed)           0.743    13.311    ws2812_inst/G_reg[20][6]_i_11_n_5
    SLICE_X37Y71         LUT5 (Prop_lut5_I4_O)        0.302    13.613 r  ws2812_inst/G[20][2]_i_19/O
                         net (fo=2, routed)           0.594    14.208    ws2812_inst/G[20][2]_i_19_n_0
    SLICE_X32Y72         LUT6 (Prop_lut6_I5_O)        0.124    14.332 r  ws2812_inst/G[20][2]_i_4/O
                         net (fo=2, routed)           0.411    14.743    ws2812_inst/G[20][2]_i_4_n_0
    SLICE_X33Y72         LUT6 (Prop_lut6_I0_O)        0.124    14.867 r  ws2812_inst/G[20][2]_i_8/O
                         net (fo=1, routed)           0.000    14.867    ws2812_inst/G[20][2]_i_8_n_0
    SLICE_X33Y72         CARRY4 (Prop_carry4_S[3]_CO[3])
                                                      0.401    15.268 r  ws2812_inst/G_reg[20][2]_i_2/CO[3]
                         net (fo=1, routed)           0.000    15.268    ws2812_inst/G_reg[20][2]_i_2_n_0
    SLICE_X33Y73         CARRY4 (Prop_carry4_CI_O[1])
                                                      0.334    15.602 r  ws2812_inst/G_reg[20][6]_i_2/O[1]
                         net (fo=1, routed)           0.610    16.212    ws2812_inst/G_reg[20][6]_i_2_n_6
    SLICE_X33Y77         LUT6 (Prop_lut6_I3_O)        0.303    16.515 r  ws2812_inst/G[20][4]_i_1/O
                         net (fo=1, routed)           0.000    16.515    ws2812_inst/G[20][4]_i_1_n_0
    SLICE_X33Y77         FDCE                                         r  ws2812_inst/G_reg[20][4]/D
  -------------------------------------------------------------------    -------------------

                         (clock sys_clk_pin rise edge)
                                                     10.000    10.000 r  
    W5                                                0.000    10.000 r  clk_100MHz (IN)
                         net (fo=0)                   0.000    10.000    clk_100MHz
    W5                   IBUF (Prop_ibuf_I_O)         1.388    11.388 r  clk_100MHz_IBUF_inst/O
                         net (fo=1, routed)           1.862    13.250    clk_100MHz_IBUF
    BUFGCTRL_X0Y0        BUFG (Prop_bufg_I_O)         0.091    13.341 r  clk_100MHz_IBUF_BUFG_inst/O
                         net (fo=1081, routed)        1.421    14.762    ws2812_inst/clk_100MHz_IBUF_BUFG
    SLICE_X33Y77         FDCE                                         r  ws2812_inst/G_reg[20][4]/C
                         clock pessimism              0.187    14.949    
                         clock uncertainty           -0.035    14.913    
    SLICE_X33Y77         FDCE (Setup_fdce_C_D)        0.031    14.944    ws2812_inst/G_reg[20][4]
  -------------------------------------------------------------------
                         required time                         14.944    
                         arrival time                         -16.515    
  -------------------------------------------------------------------
                         slack                                 -1.570    

Slack (VIOLATED) :        -1.545ns  (required time - arrival time)
  Source:                 ws2812_inst/bar_heights_packed_reg_2/CLKARDCLK
                            (rising edge-triggered cell RAMB18E1 clocked by sys_clk_pin  {rise@0.000ns fall@5.000ns period=10.000ns})
  Destination:            ws2812_inst/G_reg[14][7]/D
                            (rising edge-triggered cell FDCE clocked by sys_clk_pin  {rise@0.000ns fall@5.000ns period=10.000ns})
  Path Group:             sys_clk_pin
  Path Type:              Setup (Max at Slow Process Corner)
  Requirement:            10.000ns  (sys_clk_pin rise@10.000ns - sys_clk_pin rise@0.000ns)
  Data Path Delay:        11.385ns  (logic 5.279ns (46.370%)  route 6.106ns (53.630%))
  Logic Levels:           12  (CARRY4=5 LUT2=1 LUT4=1 LUT5=1 LUT6=4)
  Clock Path Skew:        -0.156ns (DCD - SCD + CPR)
    Destination Clock Delay (DCD):    4.766ns = ( 14.766 - 10.000 ) 
    Source Clock Delay      (SCD):    5.108ns
    Clock Pessimism Removal (CPR):    0.187ns
  Clock Uncertainty:      0.035ns  ((TSJ^2 + TIJ^2)^1/2 + DJ) / 2 + PE
    Total System Jitter     (TSJ):    0.071ns
    Total Input Jitter      (TIJ):    0.000ns
    Discrete Jitter          (DJ):    0.000ns
    Phase Error              (PE):    0.000ns

    Location             Delay type                Incr(ns)  Path(ns)    Netlist Resource(s)
  -------------------------------------------------------------------    -------------------
                         (clock sys_clk_pin rise edge)
                                                      0.000     0.000 r  
    W5                                                0.000     0.000 r  clk_100MHz (IN)
                         net (fo=0)                   0.000     0.000    clk_100MHz
    W5                   IBUF (Prop_ibuf_I_O)         1.458     1.458 r  clk_100MHz_IBUF_inst/O
                         net (fo=1, routed)           1.967     3.425    clk_100MHz_IBUF
    BUFGCTRL_X0Y0        BUFG (Prop_bufg_I_O)         0.096     3.521 r  clk_100MHz_IBUF_BUFG_inst/O
                         net (fo=1081, routed)        1.587     5.108    ws2812_inst/clk_100MHz_IBUF_BUFG
    RAMB18_X2Y30         RAMB18E1                                     r  ws2812_inst/bar_heights_packed_reg_2/CLKARDCLK
  -------------------------------------------------------------------    -------------------
    RAMB18_X2Y30         RAMB18E1 (Prop_ramb18e1_CLKARDCLK_DOADO[0])
                                                      2.454     7.562 r  ws2812_inst/bar_heights_packed_reg_2/DOADO[0]
                         net (fo=592, routed)         1.604     9.166    ws2812_inst/p_0_in3_in0
    SLICE_X47Y73         LUT2 (Prop_lut2_I1_O)        0.124     9.290 f  ws2812_inst/G[20][7]_i_3/O
                         net (fo=99, routed)          1.501    10.791    ws2812_inst/G[20][7]_i_3_n_0
    SLICE_X31Y71         LUT6 (Prop_lut6_I0_O)        0.124    10.915 r  ws2812_inst/G[16][2]_i_26/O
                         net (fo=7, routed)           0.805    11.720    ws2812_inst/G[16][2]_i_26_n_0
    SLICE_X32Y75         LUT6 (Prop_lut6_I0_O)        0.124    11.844 r  ws2812_inst/G[14][2]_i_34/O
                         net (fo=1, routed)           0.000    11.844    ws2812_inst/G[14][2]_i_34_n_0
    SLICE_X32Y75         CARRY4 (Prop_carry4_S[0]_CO[3])
                                                      0.532    12.376 r  ws2812_inst/G_reg[14][2]_i_13/CO[3]
                         net (fo=1, routed)           0.000    12.376    ws2812_inst/G_reg[14][2]_i_13_n_0
    SLICE_X32Y76         CARRY4 (Prop_carry4_CI_O[1])
                                                      0.334    12.710 r  ws2812_inst/G_reg[14][6]_i_14/O[1]
                         net (fo=3, routed)           0.696    13.406    ws2812_inst/G_reg[14][6]_i_14_n_6
    SLICE_X34Y79         LUT4 (Prop_lut4_I3_O)        0.303    13.709 f  ws2812_inst/G[14][2]_i_19/O
                         net (fo=2, routed)           0.704    14.413    ws2812_inst/G[14][2]_i_19_n_0
    SLICE_X33Y78         LUT6 (Prop_lut6_I5_O)        0.124    14.537 r  ws2812_inst/G[14][2]_i_4/O
                         net (fo=2, routed)           0.500    15.037    ws2812_inst/G[14][2]_i_4_n_0
    SLICE_X32Y78         LUT6 (Prop_lut6_I0_O)        0.124    15.161 r  ws2812_inst/G[14][2]_i_8/O
                         net (fo=1, routed)           0.000    15.161    ws2812_inst/G[14][2]_i_8_n_0
    SLICE_X32Y78         CARRY4 (Prop_carry4_S[3]_CO[3])
                                                      0.401    15.562 r  ws2812_inst/G_reg[14][2]_i_2/CO[3]
                         net (fo=1, routed)           0.000    15.562    ws2812_inst/G_reg[14][2]_i_2_n_0
    SLICE_X32Y79         CARRY4 (Prop_carry4_CI_CO[3])
                                                      0.114    15.676 r  ws2812_inst/G_reg[14][6]_i_2/CO[3]
                         net (fo=1, routed)           0.000    15.676    ws2812_inst/G_reg[14][6]_i_2_n_0
    SLICE_X32Y80         CARRY4 (Prop_carry4_CI_O[0])
                                                      0.222    15.898 r  ws2812_inst/G_reg[14][7]_i_2/O[0]
                         net (fo=1, routed)           0.296    16.194    ws2812_inst/G_reg[14][7]_i_2_n_7
    SLICE_X33Y81         LUT5 (Prop_lut5_I3_O)        0.299    16.493 r  ws2812_inst/G[14][7]_i_1/O
                         net (fo=1, routed)           0.000    16.493    ws2812_inst/G[14][7]_i_1_n_0
    SLICE_X33Y81         FDCE                                         r  ws2812_inst/G_reg[14][7]/D
  -------------------------------------------------------------------    -------------------

                         (clock sys_clk_pin rise edge)
                                                     10.000    10.000 r  
    W5                                                0.000    10.000 r  clk_100MHz (IN)
                         net (fo=0)                   0.000    10.000    clk_100MHz
    W5                   IBUF (Prop_ibuf_I_O)         1.388    11.388 r  clk_100MHz_IBUF_inst/O
                         net (fo=1, routed)           1.862    13.250    clk_100MHz_IBUF
    BUFGCTRL_X0Y0        BUFG (Prop_bufg_I_O)         0.091    13.341 r  clk_100MHz_IBUF_BUFG_inst/O
                         net (fo=1081, routed)        1.425    14.766    ws2812_inst/clk_100MHz_IBUF_BUFG
    SLICE_X33Y81         FDCE                                         r  ws2812_inst/G_reg[14][7]/C
                         clock pessimism              0.187    14.953    
                         clock uncertainty           -0.035    14.917    
    SLICE_X33Y81         FDCE (Setup_fdce_C_D)        0.031    14.948    ws2812_inst/G_reg[14][7]
  -------------------------------------------------------------------
                         required time                         14.948    
                         arrival time                         -16.493    
  -------------------------------------------------------------------
                         slack                                 -1.545    





Min Delay Paths
--------------------------------------------------------------------------------------
Slack (MET) :             0.123ns  (arrival time - required time)
  Source:                 ws2812_inst/frame_addr_reg[1]/C
                            (rising edge-triggered cell FDCE clocked by sys_clk_pin  {rise@0.000ns fall@5.000ns period=10.000ns})
  Destination:            ws2812_inst/beat_intensity_reg_1/ADDRARDADDR[1]
                            (rising edge-triggered cell RAMB18E1 clocked by sys_clk_pin  {rise@0.000ns fall@5.000ns period=10.000ns})
  Path Group:             sys_clk_pin
  Path Type:              Hold (Min at Fast Process Corner)
  Requirement:            0.000ns  (sys_clk_pin rise@0.000ns - sys_clk_pin rise@0.000ns)
  Data Path Delay:        0.620ns  (logic 0.164ns (26.433%)  route 0.456ns (73.567%))
  Logic Levels:           0  
  Clock Path Skew:        0.314ns (DCD - SCD - CPR)
    Destination Clock Delay (DCD):    2.006ns
    Source Clock Delay      (SCD):    1.447ns
    Clock Pessimism Removal (CPR):    0.244ns

    Location             Delay type                Incr(ns)  Path(ns)    Netlist Resource(s)
  -------------------------------------------------------------------    -------------------
                         (clock sys_clk_pin rise edge)
                                                      0.000     0.000 r  
    W5                                                0.000     0.000 r  clk_100MHz (IN)
                         net (fo=0)                   0.000     0.000    clk_100MHz
    W5                   IBUF (Prop_ibuf_I_O)         0.226     0.226 r  clk_100MHz_IBUF_inst/O
                         net (fo=1, routed)           0.631     0.858    clk_100MHz_IBUF
    BUFGCTRL_X0Y0        BUFG (Prop_bufg_I_O)         0.026     0.884 r  clk_100MHz_IBUF_BUFG_inst/O
                         net (fo=1081, routed)        0.564     1.447    ws2812_inst/clk_100MHz_IBUF_BUFG
    SLICE_X12Y56         FDCE                                         r  ws2812_inst/frame_addr_reg[1]/C
  -------------------------------------------------------------------    -------------------
    SLICE_X12Y56         FDCE (Prop_fdce_C_Q)         0.164     1.611 r  ws2812_inst/frame_addr_reg[1]/Q
                         net (fo=38, routed)          0.456     2.068    ws2812_inst/frame_addr_reg_n_0_[1]
    RAMB18_X0Y16         RAMB18E1                                     r  ws2812_inst/beat_intensity_reg_1/ADDRARDADDR[1]
  -------------------------------------------------------------------    -------------------

                         (clock sys_clk_pin rise edge)
                                                      0.000     0.000 r  
    W5                                                0.000     0.000 r  clk_100MHz (IN)
                         net (fo=0)                   0.000     0.000    clk_100MHz
    W5                   IBUF (Prop_ibuf_I_O)         0.414     0.414 r  clk_100MHz_IBUF_inst/O
                         net (fo=1, routed)           0.685     1.099    clk_100MHz_IBUF
    BUFGCTRL_X0Y0        BUFG (Prop_bufg_I_O)         0.029     1.128 r  clk_100MHz_IBUF_BUFG_inst/O
                         net (fo=1081, routed)        0.878     2.006    ws2812_inst/clk_100MHz_IBUF_BUFG
    RAMB18_X0Y16         RAMB18E1                                     r  ws2812_inst/beat_intensity_reg_1/CLKARDCLK
                         clock pessimism             -0.244     1.762    
    RAMB18_X0Y16         RAMB18E1 (Hold_ramb18e1_CLKARDCLK_ADDRARDADDR[1])
                                                      0.183     1.945    ws2812_inst/beat_intensity_reg_1
  -------------------------------------------------------------------
                         required time                         -1.945    
                         arrival time                           2.068    
  -------------------------------------------------------------------
                         slack                                  0.123    

Slack (MET) :             0.173ns  (arrival time - required time)
  Source:                 ws2812_inst/led_idx_reg[3]/C
                            (rising edge-triggered cell FDCE clocked by sys_clk_pin  {rise@0.000ns fall@5.000ns period=10.000ns})
  Destination:            ws2812_inst/led_idx_reg[4]/D
                            (rising edge-triggered cell FDCE clocked by sys_clk_pin  {rise@0.000ns fall@5.000ns period=10.000ns})
  Path Group:             sys_clk_pin
  Path Type:              Hold (Min at Fast Process Corner)
  Requirement:            0.000ns  (sys_clk_pin rise@0.000ns - sys_clk_pin rise@0.000ns)
  Data Path Delay:        0.317ns  (logic 0.189ns (59.627%)  route 0.128ns (40.373%))
  Logic Levels:           1  (LUT5=1)
  Clock Path Skew:        0.013ns (DCD - SCD - CPR)
    Destination Clock Delay (DCD):    1.960ns
    Source Clock Delay      (SCD):    1.445ns
    Clock Pessimism Removal (CPR):    0.502ns

    Location             Delay type                Incr(ns)  Path(ns)    Netlist Resource(s)
  -------------------------------------------------------------------    -------------------
                         (clock sys_clk_pin rise edge)
                                                      0.000     0.000 r  
    W5                                                0.000     0.000 r  clk_100MHz (IN)
                         net (fo=0)                   0.000     0.000    clk_100MHz
    W5                   IBUF (Prop_ibuf_I_O)         0.226     0.226 r  clk_100MHz_IBUF_inst/O
                         net (fo=1, routed)           0.631     0.858    clk_100MHz_IBUF
    BUFGCTRL_X0Y0        BUFG (Prop_bufg_I_O)         0.026     0.884 r  clk_100MHz_IBUF_BUFG_inst/O
                         net (fo=1081, routed)        0.562     1.445    ws2812_inst/clk_100MHz_IBUF_BUFG
    SLICE_X53Y88         FDCE                                         r  ws2812_inst/led_idx_reg[3]/C
  -------------------------------------------------------------------    -------------------
    SLICE_X53Y88         FDCE (Prop_fdce_C_Q)         0.141     1.586 r  ws2812_inst/led_idx_reg[3]/Q
                         net (fo=40, routed)          0.128     1.714    ws2812_inst/led_idx_reg[3]
    SLICE_X52Y88         LUT5 (Prop_lut5_I3_O)        0.048     1.762 r  ws2812_inst/led_idx[4]_i_2/O
                         net (fo=1, routed)           0.000     1.762    ws2812_inst/led_idx[4]_i_2_n_0
    SLICE_X52Y88         FDCE                                         r  ws2812_inst/led_idx_reg[4]/D
  -------------------------------------------------------------------    -------------------

                         (clock sys_clk_pin rise edge)
                                                      0.000     0.000 r  
    W5                                                0.000     0.000 r  clk_100MHz (IN)
                         net (fo=0)                   0.000     0.000    clk_100MHz
    W5                   IBUF (Prop_ibuf_I_O)         0.414     0.414 r  clk_100MHz_IBUF_inst/O
                         net (fo=1, routed)           0.685     1.099    clk_100MHz_IBUF
    BUFGCTRL_X0Y0        BUFG (Prop_bufg_I_O)         0.029     1.128 r  clk_100MHz_IBUF_BUFG_inst/O
                         net (fo=1081, routed)        0.832     1.960    ws2812_inst/clk_100MHz_IBUF_BUFG
    SLICE_X52Y88         FDCE                                         r  ws2812_inst/led_idx_reg[4]/C
                         clock pessimism             -0.502     1.458    
    SLICE_X52Y88         FDCE (Hold_fdce_C_D)         0.131     1.589    ws2812_inst/led_idx_reg[4]
  -------------------------------------------------------------------
                         required time                         -1.589    
                         arrival time                           1.762    
  -------------------------------------------------------------------
                         slack                                  0.173    

Slack (MET) :             0.174ns  (arrival time - required time)
  Source:                 ws2812_inst/frame_addr_reg[0]/C
                            (rising edge-triggered cell FDPE clocked by sys_clk_pin  {rise@0.000ns fall@5.000ns period=10.000ns})
  Destination:            ws2812_inst/beat_intensity_reg_1/ADDRARDADDR[0]
                            (rising edge-triggered cell RAMB18E1 clocked by sys_clk_pin  {rise@0.000ns fall@5.000ns period=10.000ns})
  Path Group:             sys_clk_pin
  Path Type:              Hold (Min at Fast Process Corner)
  Requirement:            0.000ns  (sys_clk_pin rise@0.000ns - sys_clk_pin rise@0.000ns)
  Data Path Delay:        0.436ns  (logic 0.164ns (37.574%)  route 0.272ns (62.426%))
  Logic Levels:           0  
  Clock Path Skew:        0.079ns (DCD - SCD - CPR)
    Destination Clock Delay (DCD):    2.006ns
    Source Clock Delay      (SCD):    1.448ns
    Clock Pessimism Removal (CPR):    0.478ns

    Location             Delay type                Incr(ns)  Path(ns)    Netlist Resource(s)
  -------------------------------------------------------------------    -------------------
                         (clock sys_clk_pin rise edge)
                                                      0.000     0.000 r  
    W5                                                0.000     0.000 r  clk_100MHz (IN)
                         net (fo=0)                   0.000     0.000    clk_100MHz
    W5                   IBUF (Prop_ibuf_I_O)         0.226     0.226 r  clk_100MHz_IBUF_inst/O
                         net (fo=1, routed)           0.631     0.858    clk_100MHz_IBUF
    BUFGCTRL_X0Y0        BUFG (Prop_bufg_I_O)         0.026     0.884 r  clk_100MHz_IBUF_BUFG_inst/O
                         net (fo=1081, routed)        0.565     1.448    ws2812_inst/clk_100MHz_IBUF_BUFG
    SLICE_X14Y41         FDPE                                         r  ws2812_inst/frame_addr_reg[0]/C
  -------------------------------------------------------------------    -------------------
    SLICE_X14Y41         FDPE (Prop_fdpe_C_Q)         0.164     1.612 r  ws2812_inst/frame_addr_reg[0]/Q
                         net (fo=95, routed)          0.272     1.885    ws2812_inst/frame_addr_reg_n_0_[0]
    RAMB18_X0Y16         RAMB18E1                                     r  ws2812_inst/beat_intensity_reg_1/ADDRARDADDR[0]
  -------------------------------------------------------------------    -------------------

                         (clock sys_clk_pin rise edge)
                                                      0.000     0.000 r  
    W5                                                0.000     0.000 r  clk_100MHz (IN)
                         net (fo=0)                   0.000     0.000    clk_100MHz
    W5                   IBUF (Prop_ibuf_I_O)         0.414     0.414 r  clk_100MHz_IBUF_inst/O
                         net (fo=1, routed)           0.685     1.099    clk_100MHz_IBUF
    BUFGCTRL_X0Y0        BUFG (Prop_bufg_I_O)         0.029     1.128 r  clk_100MHz_IBUF_BUFG_inst/O
                         net (fo=1081, routed)        0.878     2.006    ws2812_inst/clk_100MHz_IBUF_BUFG
    RAMB18_X0Y16         RAMB18E1                                     r  ws2812_inst/beat_intensity_reg_1/CLKARDCLK
                         clock pessimism             -0.478     1.528    
    RAMB18_X0Y16         RAMB18E1 (Hold_ramb18e1_CLKARDCLK_ADDRARDADDR[0])
                                                      0.183     1.711    ws2812_inst/beat_intensity_reg_1
  -------------------------------------------------------------------
                         required time                         -1.711    
                         arrival time                           1.885    
  -------------------------------------------------------------------
                         slack                                  0.174    

Slack (MET) :             0.181ns  (arrival time - required time)
  Source:                 ws2812_inst/led_idx_reg[3]/C
                            (rising edge-triggered cell FDCE clocked by sys_clk_pin  {rise@0.000ns fall@5.000ns period=10.000ns})
  Destination:            ws2812_inst/led_idx_reg[0]/D
                            (rising edge-triggered cell FDCE clocked by sys_clk_pin  {rise@0.000ns fall@5.000ns period=10.000ns})
  Path Group:             sys_clk_pin
  Path Type:              Hold (Min at Fast Process Corner)
  Requirement:            0.000ns  (sys_clk_pin rise@0.000ns - sys_clk_pin rise@0.000ns)
  Data Path Delay:        0.314ns  (logic 0.186ns (59.241%)  route 0.128ns (40.759%))
  Logic Levels:           1  (LUT5=1)
  Clock Path Skew:        0.013ns (DCD - SCD - CPR)
    Destination Clock Delay (DCD):    1.960ns
    Source Clock Delay      (SCD):    1.445ns
    Clock Pessimism Removal (CPR):    0.502ns

    Location             Delay type                Incr(ns)  Path(ns)    Netlist Resource(s)
  -------------------------------------------------------------------    -------------------
                         (clock sys_clk_pin rise edge)
                                                      0.000     0.000 r  
    W5                                                0.000     0.000 r  clk_100MHz (IN)
                         net (fo=0)                   0.000     0.000    clk_100MHz
    W5                   IBUF (Prop_ibuf_I_O)         0.226     0.226 r  clk_100MHz_IBUF_inst/O
                         net (fo=1, routed)           0.631     0.858    clk_100MHz_IBUF
    BUFGCTRL_X0Y0        BUFG (Prop_bufg_I_O)         0.026     0.884 r  clk_100MHz_IBUF_BUFG_inst/O
                         net (fo=1081, routed)        0.562     1.445    ws2812_inst/clk_100MHz_IBUF_BUFG
    SLICE_X53Y88         FDCE                                         r  ws2812_inst/led_idx_reg[3]/C
  -------------------------------------------------------------------    -------------------
    SLICE_X53Y88         FDCE (Prop_fdce_C_Q)         0.141     1.586 f  ws2812_inst/led_idx_reg[3]/Q
                         net (fo=40, routed)          0.128     1.714    ws2812_inst/led_idx_reg[3]
    SLICE_X52Y88         LUT5 (Prop_lut5_I0_O)        0.045     1.759 r  ws2812_inst/led_idx[0]_i_1/O
                         net (fo=1, routed)           0.000     1.759    ws2812_inst/led_idx[0]_i_1_n_0
    SLICE_X52Y88         FDCE                                         r  ws2812_inst/led_idx_reg[0]/D
  -------------------------------------------------------------------    -------------------

                         (clock sys_clk_pin rise edge)
                                                      0.000     0.000 r  
    W5                                                0.000     0.000 r  clk_100MHz (IN)
                         net (fo=0)                   0.000     0.000    clk_100MHz
    W5                   IBUF (Prop_ibuf_I_O)         0.414     0.414 r  clk_100MHz_IBUF_inst/O
                         net (fo=1, routed)           0.685     1.099    clk_100MHz_IBUF
    BUFGCTRL_X0Y0        BUFG (Prop_bufg_I_O)         0.029     1.128 r  clk_100MHz_IBUF_BUFG_inst/O
                         net (fo=1081, routed)        0.832     1.960    ws2812_inst/clk_100MHz_IBUF_BUFG
    SLICE_X52Y88         FDCE                                         r  ws2812_inst/led_idx_reg[0]/C
                         clock pessimism             -0.502     1.458    
    SLICE_X52Y88         FDCE (Hold_fdce_C_D)         0.120     1.578    ws2812_inst/led_idx_reg[0]
  -------------------------------------------------------------------
                         required time                         -1.578    
                         arrival time                           1.759    
  -------------------------------------------------------------------
                         slack                                  0.181    

Slack (MET) :             0.224ns  (arrival time - required time)
  Source:                 ws2812_inst/led_idx_reg[0]/C
                            (rising edge-triggered cell FDCE clocked by sys_clk_pin  {rise@0.000ns fall@5.000ns period=10.000ns})
  Destination:            ws2812_inst/led_idx_reg[3]/D
                            (rising edge-triggered cell FDCE clocked by sys_clk_pin  {rise@0.000ns fall@5.000ns period=10.000ns})
  Path Group:             sys_clk_pin
  Path Type:              Hold (Min at Fast Process Corner)
  Requirement:            0.000ns  (sys_clk_pin rise@0.000ns - sys_clk_pin rise@0.000ns)
  Data Path Delay:        0.328ns  (logic 0.209ns (63.730%)  route 0.119ns (36.270%))
  Logic Levels:           1  (LUT5=1)
  Clock Path Skew:        0.013ns (DCD - SCD - CPR)
    Destination Clock Delay (DCD):    1.960ns
    Source Clock Delay      (SCD):    1.445ns
    Clock Pessimism Removal (CPR):    0.502ns

    Location             Delay type                Incr(ns)  Path(ns)    Netlist Resource(s)
  -------------------------------------------------------------------    -------------------
                         (clock sys_clk_pin rise edge)
                                                      0.000     0.000 r  
    W5                                                0.000     0.000 r  clk_100MHz (IN)
                         net (fo=0)                   0.000     0.000    clk_100MHz
    W5                   IBUF (Prop_ibuf_I_O)         0.226     0.226 r  clk_100MHz_IBUF_inst/O
                         net (fo=1, routed)           0.631     0.858    clk_100MHz_IBUF
    BUFGCTRL_X0Y0        BUFG (Prop_bufg_I_O)         0.026     0.884 r  clk_100MHz_IBUF_BUFG_inst/O
                         net (fo=1081, routed)        0.562     1.445    ws2812_inst/clk_100MHz_IBUF_BUFG
    SLICE_X52Y88         FDCE                                         r  ws2812_inst/led_idx_reg[0]/C
  -------------------------------------------------------------------    -------------------
    SLICE_X52Y88         FDCE (Prop_fdce_C_Q)         0.164     1.609 r  ws2812_inst/led_idx_reg[0]/Q
                         net (fo=38, routed)          0.119     1.728    ws2812_inst/led_idx_reg[0]
    SLICE_X53Y88         LUT5 (Prop_lut5_I3_O)        0.045     1.773 r  ws2812_inst/led_idx[3]_i_1/O
                         net (fo=1, routed)           0.000     1.773    ws2812_inst/p_0_in__0[3]
    SLICE_X53Y88         FDCE                                         r  ws2812_inst/led_idx_reg[3]/D
  -------------------------------------------------------------------    -------------------

                         (clock sys_clk_pin rise edge)
                                                      0.000     0.000 r  
    W5                                                0.000     0.000 r  clk_100MHz (IN)
                         net (fo=0)                   0.000     0.000    clk_100MHz
    W5                   IBUF (Prop_ibuf_I_O)         0.414     0.414 r  clk_100MHz_IBUF_inst/O
                         net (fo=1, routed)           0.685     1.099    clk_100MHz_IBUF
    BUFGCTRL_X0Y0        BUFG (Prop_bufg_I_O)         0.029     1.128 r  clk_100MHz_IBUF_BUFG_inst/O
                         net (fo=1081, routed)        0.832     1.960    ws2812_inst/clk_100MHz_IBUF_BUFG
    SLICE_X53Y88         FDCE                                         r  ws2812_inst/led_idx_reg[3]/C
                         clock pessimism             -0.502     1.458    
    SLICE_X53Y88         FDCE (Hold_fdce_C_D)         0.091     1.549    ws2812_inst/led_idx_reg[3]
  -------------------------------------------------------------------
                         required time                         -1.549    
                         arrival time                           1.773    
  -------------------------------------------------------------------
                         slack                                  0.224    

Slack (MET) :             0.247ns  (arrival time - required time)
  Source:                 u_div/counter_reg[1]/C
                            (rising edge-triggered cell FDRE clocked by sys_clk_pin  {rise@0.000ns fall@5.000ns period=10.000ns})
  Destination:            u_div/clk_25MHz_reg/D
                            (rising edge-triggered cell FDRE clocked by sys_clk_pin  {rise@0.000ns fall@5.000ns period=10.000ns})
  Path Group:             sys_clk_pin
  Path Type:              Hold (Min at Fast Process Corner)
  Requirement:            0.000ns  (sys_clk_pin rise@0.000ns - sys_clk_pin rise@0.000ns)
  Data Path Delay:        0.259ns  (logic 0.128ns (49.441%)  route 0.131ns (50.559%))
  Logic Levels:           0  
  Clock Path Skew:        0.000ns (DCD - SCD - CPR)
    Destination Clock Delay (DCD):    1.960ns
    Source Clock Delay      (SCD):    1.447ns
    Clock Pessimism Removal (CPR):    0.513ns

    Location             Delay type                Incr(ns)  Path(ns)    Netlist Resource(s)
  -------------------------------------------------------------------    -------------------
                         (clock sys_clk_pin rise edge)
                                                      0.000     0.000 r  
    W5                                                0.000     0.000 r  clk_100MHz (IN)
                         net (fo=0)                   0.000     0.000    clk_100MHz
    W5                   IBUF (Prop_ibuf_I_O)         0.226     0.226 r  clk_100MHz_IBUF_inst/O
                         net (fo=1, routed)           0.631     0.858    clk_100MHz_IBUF
    BUFGCTRL_X0Y0        BUFG (Prop_bufg_I_O)         0.026     0.884 r  clk_100MHz_IBUF_BUFG_inst/O
                         net (fo=1081, routed)        0.564     1.447    u_div/clk_100MHz_IBUF_BUFG
    SLICE_X36Y47         FDRE                                         r  u_div/counter_reg[1]/C
  -------------------------------------------------------------------    -------------------
    SLICE_X36Y47         FDRE (Prop_fdre_C_Q)         0.128     1.575 r  u_div/counter_reg[1]/Q
                         net (fo=2, routed)           0.131     1.706    u_div/counter[1]
    SLICE_X36Y47         FDRE                                         r  u_div/clk_25MHz_reg/D
  -------------------------------------------------------------------    -------------------

                         (clock sys_clk_pin rise edge)
                                                      0.000     0.000 r  
    W5                                                0.000     0.000 r  clk_100MHz (IN)
                         net (fo=0)                   0.000     0.000    clk_100MHz
    W5                   IBUF (Prop_ibuf_I_O)         0.414     0.414 r  clk_100MHz_IBUF_inst/O
                         net (fo=1, routed)           0.685     1.099    clk_100MHz_IBUF
    BUFGCTRL_X0Y0        BUFG (Prop_bufg_I_O)         0.029     1.128 r  clk_100MHz_IBUF_BUFG_inst/O
                         net (fo=1081, routed)        0.833     1.960    u_div/clk_100MHz_IBUF_BUFG
    SLICE_X36Y47         FDRE                                         r  u_div/clk_25MHz_reg/C
                         clock pessimism             -0.513     1.447    
    SLICE_X36Y47         FDRE (Hold_fdre_C_D)         0.012     1.459    u_div/clk_25MHz_reg
  -------------------------------------------------------------------
                         required time                         -1.459    
                         arrival time                           1.706    
  -------------------------------------------------------------------
                         slack                                  0.247    

Slack (MET) :             0.249ns  (arrival time - required time)
  Source:                 u_div/counter_reg[0]/C
                            (rising edge-triggered cell FDRE clocked by sys_clk_pin  {rise@0.000ns fall@5.000ns period=10.000ns})
  Destination:            u_div/counter_reg[1]/D
                            (rising edge-triggered cell FDRE clocked by sys_clk_pin  {rise@0.000ns fall@5.000ns period=10.000ns})
  Path Group:             sys_clk_pin
  Path Type:              Hold (Min at Fast Process Corner)
  Requirement:            0.000ns  (sys_clk_pin rise@0.000ns - sys_clk_pin rise@0.000ns)
  Data Path Delay:        0.356ns  (logic 0.183ns (51.463%)  route 0.173ns (48.537%))
  Logic Levels:           1  (LUT2=1)
  Clock Path Skew:        0.000ns (DCD - SCD - CPR)
    Destination Clock Delay (DCD):    1.960ns
    Source Clock Delay      (SCD):    1.447ns
    Clock Pessimism Removal (CPR):    0.513ns

    Location             Delay type                Incr(ns)  Path(ns)    Netlist Resource(s)
  -------------------------------------------------------------------    -------------------
                         (clock sys_clk_pin rise edge)
                                                      0.000     0.000 r  
    W5                                                0.000     0.000 r  clk_100MHz (IN)
                         net (fo=0)                   0.000     0.000    clk_100MHz
    W5                   IBUF (Prop_ibuf_I_O)         0.226     0.226 r  clk_100MHz_IBUF_inst/O
                         net (fo=1, routed)           0.631     0.858    clk_100MHz_IBUF
    BUFGCTRL_X0Y0        BUFG (Prop_bufg_I_O)         0.026     0.884 r  clk_100MHz_IBUF_BUFG_inst/O
                         net (fo=1081, routed)        0.564     1.447    u_div/clk_100MHz_IBUF_BUFG
    SLICE_X36Y47         FDRE                                         r  u_div/counter_reg[0]/C
  -------------------------------------------------------------------    -------------------
    SLICE_X36Y47         FDRE (Prop_fdre_C_Q)         0.141     1.588 r  u_div/counter_reg[0]/Q
                         net (fo=2, routed)           0.173     1.761    u_div/counter[0]
    SLICE_X36Y47         LUT2 (Prop_lut2_I0_O)        0.042     1.803 r  u_div/counter[1]_i_1/O
                         net (fo=1, routed)           0.000     1.803    u_div/counter[1]_i_1_n_0
    SLICE_X36Y47         FDRE                                         r  u_div/counter_reg[1]/D
  -------------------------------------------------------------------    -------------------

                         (clock sys_clk_pin rise edge)
                                                      0.000     0.000 r  
    W5                                                0.000     0.000 r  clk_100MHz (IN)
                         net (fo=0)                   0.000     0.000    clk_100MHz
    W5                   IBUF (Prop_ibuf_I_O)         0.414     0.414 r  clk_100MHz_IBUF_inst/O
                         net (fo=1, routed)           0.685     1.099    clk_100MHz_IBUF
    BUFGCTRL_X0Y0        BUFG (Prop_bufg_I_O)         0.029     1.128 r  clk_100MHz_IBUF_BUFG_inst/O
                         net (fo=1081, routed)        0.833     1.960    u_div/clk_100MHz_IBUF_BUFG
    SLICE_X36Y47         FDRE                                         r  u_div/counter_reg[1]/C
                         clock pessimism             -0.513     1.447    
    SLICE_X36Y47         FDRE (Hold_fdre_C_D)         0.107     1.554    u_div/counter_reg[1]
  -------------------------------------------------------------------
                         required time                         -1.554    
                         arrival time                           1.803    
  -------------------------------------------------------------------
                         slack                                  0.249    

Slack (MET) :             0.251ns  (arrival time - required time)
  Source:                 ws2812_inst/bit_idx_reg[0]/C
                            (rising edge-triggered cell FDCE clocked by sys_clk_pin  {rise@0.000ns fall@5.000ns period=10.000ns})
  Destination:            ws2812_inst/bit_idx_reg[1]/D
                            (rising edge-triggered cell FDCE clocked by sys_clk_pin  {rise@0.000ns fall@5.000ns period=10.000ns})
  Path Group:             sys_clk_pin
  Path Type:              Hold (Min at Fast Process Corner)
  Requirement:            0.000ns  (sys_clk_pin rise@0.000ns - sys_clk_pin rise@0.000ns)
  Data Path Delay:        0.382ns  (logic 0.207ns (54.155%)  route 0.175ns (45.845%))
  Logic Levels:           1  (LUT4=1)
  Clock Path Skew:        0.000ns (DCD - SCD - CPR)
    Destination Clock Delay (DCD):    1.960ns
    Source Clock Delay      (SCD):    1.447ns
    Clock Pessimism Removal (CPR):    0.513ns

    Location             Delay type                Incr(ns)  Path(ns)    Netlist Resource(s)
  -------------------------------------------------------------------    -------------------
                         (clock sys_clk_pin rise edge)
                                                      0.000     0.000 r  
    W5                                                0.000     0.000 r  clk_100MHz (IN)
                         net (fo=0)                   0.000     0.000    clk_100MHz
    W5                   IBUF (Prop_ibuf_I_O)         0.226     0.226 r  clk_100MHz_IBUF_inst/O
                         net (fo=1, routed)           0.631     0.858    clk_100MHz_IBUF
    BUFGCTRL_X0Y0        BUFG (Prop_bufg_I_O)         0.026     0.884 r  clk_100MHz_IBUF_BUFG_inst/O
                         net (fo=1081, routed)        0.564     1.447    ws2812_inst/clk_100MHz_IBUF_BUFG
    SLICE_X56Y89         FDCE                                         r  ws2812_inst/bit_idx_reg[0]/C
  -------------------------------------------------------------------    -------------------
    SLICE_X56Y89         FDCE (Prop_fdce_C_Q)         0.164     1.611 r  ws2812_inst/bit_idx_reg[0]/Q
                         net (fo=17, routed)          0.175     1.786    ws2812_inst/bit_idx_reg[0]
    SLICE_X56Y89         LUT4 (Prop_lut4_I2_O)        0.043     1.829 r  ws2812_inst/bit_idx[1]_i_1/O
                         net (fo=1, routed)           0.000     1.829    ws2812_inst/p_0_in[1]
    SLICE_X56Y89         FDCE                                         r  ws2812_inst/bit_idx_reg[1]/D
  -------------------------------------------------------------------    -------------------

                         (clock sys_clk_pin rise edge)
                                                      0.000     0.000 r  
    W5                                                0.000     0.000 r  clk_100MHz (IN)
                         net (fo=0)                   0.000     0.000    clk_100MHz
    W5                   IBUF (Prop_ibuf_I_O)         0.414     0.414 r  clk_100MHz_IBUF_inst/O
                         net (fo=1, routed)           0.685     1.099    clk_100MHz_IBUF
    BUFGCTRL_X0Y0        BUFG (Prop_bufg_I_O)         0.029     1.128 r  clk_100MHz_IBUF_BUFG_inst/O
                         net (fo=1081, routed)        0.832     1.960    ws2812_inst/clk_100MHz_IBUF_BUFG
    SLICE_X56Y89         FDCE                                         r  ws2812_inst/bit_idx_reg[1]/C
                         clock pessimism             -0.513     1.447    
    SLICE_X56Y89         FDCE (Hold_fdce_C_D)         0.131     1.578    ws2812_inst/bit_idx_reg[1]
  -------------------------------------------------------------------
                         required time                         -1.578    
                         arrival time                           1.829    
  -------------------------------------------------------------------
                         slack                                  0.251    

Slack (MET) :             0.253ns  (arrival time - required time)
  Source:                 u_vis/frame_addr_reg[6]_rep__16/C
                            (rising edge-triggered cell FDRE clocked by sys_clk_pin  {rise@0.000ns fall@5.000ns period=10.000ns})
  Destination:            u_vis/frame_addr_reg[6]/D
                            (rising edge-triggered cell FDRE clocked by sys_clk_pin  {rise@0.000ns fall@5.000ns period=10.000ns})
  Path Group:             sys_clk_pin
  Path Type:              Hold (Min at Fast Process Corner)
  Requirement:            0.000ns  (sys_clk_pin rise@0.000ns - sys_clk_pin rise@0.000ns)
  Data Path Delay:        0.387ns  (logic 0.252ns (65.173%)  route 0.135ns (34.827%))
  Logic Levels:           1  (CARRY4=1)
  Clock Path Skew:        0.032ns (DCD - SCD - CPR)
    Destination Clock Delay (DCD):    1.947ns
    Source Clock Delay      (SCD):    1.437ns
    Clock Pessimism Removal (CPR):    0.478ns

    Location             Delay type                Incr(ns)  Path(ns)    Netlist Resource(s)
  -------------------------------------------------------------------    -------------------
                         (clock sys_clk_pin rise edge)
                                                      0.000     0.000 r  
    W5                                                0.000     0.000 r  clk_100MHz (IN)
                         net (fo=0)                   0.000     0.000    clk_100MHz
    W5                   IBUF (Prop_ibuf_I_O)         0.226     0.226 r  clk_100MHz_IBUF_inst/O
                         net (fo=1, routed)           0.631     0.858    clk_100MHz_IBUF
    BUFGCTRL_X0Y0        BUFG (Prop_bufg_I_O)         0.026     0.884 r  clk_100MHz_IBUF_BUFG_inst/O
                         net (fo=1081, routed)        0.554     1.437    u_vis/clk_100MHz_IBUF_BUFG
    SLICE_X44Y22         FDRE                                         r  u_vis/frame_addr_reg[6]_rep__16/C
  -------------------------------------------------------------------    -------------------
    SLICE_X44Y22         FDRE (Prop_fdre_C_Q)         0.141     1.578 r  u_vis/frame_addr_reg[6]_rep__16/Q
                         net (fo=127, routed)         0.135     1.713    u_vis/frame_addr_reg[6]_rep__16_n_0
    SLICE_X40Y22         CARRY4 (Prop_carry4_S[2]_O[2])
                                                      0.111     1.824 r  u_vis/frame_addr_reg[4]_i_1/O[2]
                         net (fo=25, routed)          0.000     1.824    u_vis/frame_addr_reg[4]_i_1_n_5
    SLICE_X40Y22         FDRE                                         r  u_vis/frame_addr_reg[6]/D
  -------------------------------------------------------------------    -------------------

                         (clock sys_clk_pin rise edge)
                                                      0.000     0.000 r  
    W5                                                0.000     0.000 r  clk_100MHz (IN)
                         net (fo=0)                   0.000     0.000    clk_100MHz
    W5                   IBUF (Prop_ibuf_I_O)         0.414     0.414 r  clk_100MHz_IBUF_inst/O
                         net (fo=1, routed)           0.685     1.099    clk_100MHz_IBUF
    BUFGCTRL_X0Y0        BUFG (Prop_bufg_I_O)         0.029     1.128 r  clk_100MHz_IBUF_BUFG_inst/O
                         net (fo=1081, routed)        0.820     1.947    u_vis/clk_100MHz_IBUF_BUFG
    SLICE_X40Y22         FDRE                                         r  u_vis/frame_addr_reg[6]/C
                         clock pessimism             -0.478     1.469    
    SLICE_X40Y22         FDRE (Hold_fdre_C_D)         0.102     1.571    u_vis/frame_addr_reg[6]
  -------------------------------------------------------------------
                         required time                         -1.571    
                         arrival time                           1.824    
  -------------------------------------------------------------------
                         slack                                  0.253    

Slack (MET) :             0.254ns  (arrival time - required time)
  Source:                 ws2812_inst/prev_song_sel_reg[1]/C
                            (rising edge-triggered cell FDPE clocked by sys_clk_pin  {rise@0.000ns fall@5.000ns period=10.000ns})
  Destination:            ws2812_inst/frame_addr_reg[1]_rep__2/D
                            (rising edge-triggered cell FDCE clocked by sys_clk_pin  {rise@0.000ns fall@5.000ns period=10.000ns})
  Path Group:             sys_clk_pin
  Path Type:              Hold (Min at Fast Process Corner)
  Requirement:            0.000ns  (sys_clk_pin rise@0.000ns - sys_clk_pin rise@0.000ns)
  Data Path Delay:        0.394ns  (logic 0.190ns (48.284%)  route 0.204ns (51.716%))
  Logic Levels:           1  (LUT5=1)
  Clock Path Skew:        0.036ns (DCD - SCD - CPR)
    Destination Clock Delay (DCD):    1.989ns
    Source Clock Delay      (SCD):    1.475ns
    Clock Pessimism Removal (CPR):    0.478ns

    Location             Delay type                Incr(ns)  Path(ns)    Netlist Resource(s)
  -------------------------------------------------------------------    -------------------
                         (clock sys_clk_pin rise edge)
                                                      0.000     0.000 r  
    W5                                                0.000     0.000 r  clk_100MHz (IN)
                         net (fo=0)                   0.000     0.000    clk_100MHz
    W5                   IBUF (Prop_ibuf_I_O)         0.226     0.226 r  clk_100MHz_IBUF_inst/O
                         net (fo=1, routed)           0.631     0.858    clk_100MHz_IBUF
    BUFGCTRL_X0Y0        BUFG (Prop_bufg_I_O)         0.026     0.884 r  clk_100MHz_IBUF_BUFG_inst/O
                         net (fo=1081, routed)        0.592     1.475    ws2812_inst/clk_100MHz_IBUF_BUFG
    SLICE_X62Y57         FDPE                                         r  ws2812_inst/prev_song_sel_reg[1]/C
  -------------------------------------------------------------------    -------------------
    SLICE_X62Y57         FDPE (Prop_fdpe_C_Q)         0.141     1.616 f  ws2812_inst/prev_song_sel_reg[1]/Q
                         net (fo=281, routed)         0.204     1.820    ws2812_inst/prev_song_sel[1]
    SLICE_X61Y56         LUT5 (Prop_lut5_I1_O)        0.049     1.869 r  ws2812_inst/frame_addr[1]_rep__2_i_1/O
                         net (fo=1, routed)           0.000     1.869    ws2812_inst/frame_addr[1]_rep__2_i_1_n_0
    SLICE_X61Y56         FDCE                                         r  ws2812_inst/frame_addr_reg[1]_rep__2/D
  -------------------------------------------------------------------    -------------------

                         (clock sys_clk_pin rise edge)
                                                      0.000     0.000 r  
    W5                                                0.000     0.000 r  clk_100MHz (IN)
                         net (fo=0)                   0.000     0.000    clk_100MHz
    W5                   IBUF (Prop_ibuf_I_O)         0.414     0.414 r  clk_100MHz_IBUF_inst/O
                         net (fo=1, routed)           0.685     1.099    clk_100MHz_IBUF
    BUFGCTRL_X0Y0        BUFG (Prop_bufg_I_O)         0.029     1.128 r  clk_100MHz_IBUF_BUFG_inst/O
                         net (fo=1081, routed)        0.861     1.989    ws2812_inst/clk_100MHz_IBUF_BUFG
    SLICE_X61Y56         FDCE                                         r  ws2812_inst/frame_addr_reg[1]_rep__2/C
                         clock pessimism             -0.478     1.511    
    SLICE_X61Y56         FDCE (Hold_fdce_C_D)         0.104     1.615    ws2812_inst/frame_addr_reg[1]_rep__2
  -------------------------------------------------------------------
                         required time                         -1.615    
                         arrival time                           1.869    
  -------------------------------------------------------------------
                         slack                                  0.254    





Pulse Width Checks
--------------------------------------------------------------------------------------
Clock Name:         sys_clk_pin
Waveform(ns):       { 0.000 5.000 }
Period(ns):         10.000
Sources:            { clk_100MHz }

Check Type        Corner  Lib Pin             Reference Pin  Required(ns)  Actual(ns)  Slack(ns)  Location       Pin
Min Period        n/a     RAMB18E1/CLKARDCLK  n/a            2.576         10.000      7.424      RAMB18_X0Y16   ws2812_inst/beat_intensity_reg_1/CLKARDCLK
Min Period        n/a     RAMB36E1/CLKARDCLK  n/a            2.576         10.000      7.424      RAMB36_X1Y15   ws2812_inst/bar_heights_packed_reg_0/CLKARDCLK
Min Period        n/a     RAMB36E1/CLKARDCLK  n/a            2.576         10.000      7.424      RAMB36_X1Y14   ws2812_inst/bar_heights_packed_reg_1/CLKARDCLK
Min Period        n/a     RAMB18E1/CLKARDCLK  n/a            2.576         10.000      7.424      RAMB18_X2Y30   ws2812_inst/bar_heights_packed_reg_2/CLKARDCLK
Min Period        n/a     RAMB36E1/CLKARDCLK  n/a            2.576         10.000      7.424      RAMB36_X0Y4    ws2812_inst/beat_intensity_reg_0/CLKARDCLK
Min Period        n/a     BUFG/I              n/a            2.155         10.000      7.845      BUFGCTRL_X0Y0  clk_100MHz_IBUF_BUFG_inst/I
Min Period        n/a     FDCE/C              n/a            1.000         10.000      9.000      SLICE_X35Y99   ws2812_inst/B_reg[2][3]/C
Min Period        n/a     FDCE/C              n/a            1.000         10.000      9.000      SLICE_X35Y100  ws2812_inst/B_reg[2][4]/C
Min Period        n/a     FDCE/C              n/a            1.000         10.000      9.000      SLICE_X35Y99   ws2812_inst/B_reg[2][5]/C
Min Period        n/a     FDCE/C              n/a            1.000         10.000      9.000      SLICE_X35Y99   ws2812_inst/B_reg[2][6]/C
Low Pulse Width   Slow    FDCE/C              n/a            0.500         5.000       4.500      SLICE_X35Y100  ws2812_inst/B_reg[2][4]/C
Low Pulse Width   Slow    FDCE/C              n/a            0.500         5.000       4.500      SLICE_X35Y100  ws2812_inst/B_reg[2][7]/C
Low Pulse Width   Slow    FDCE/C              n/a            0.500         5.000       4.500      SLICE_X60Y88   ws2812_inst/R_reg[8][4]/C
Low Pulse Width   Slow    FDCE/C              n/a            0.500         5.000       4.500      SLICE_X60Y88   ws2812_inst/R_reg[8][5]/C
Low Pulse Width   Slow    FDCE/C              n/a            0.500         5.000       4.500      SLICE_X60Y88   ws2812_inst/R_reg[8][6]/C
Low Pulse Width   Slow    FDCE/C              n/a            0.500         5.000       4.500      SLICE_X31Y80   ws2812_inst/G_reg[18][7]/C
Low Pulse Width   Slow    FDCE/C              n/a            0.500         5.000       4.500      SLICE_X30Y81   ws2812_inst/G_reg[22][0]/C
Low Pulse Width   Slow    FDCE/C              n/a            0.500         5.000       4.500      SLICE_X39Y100  ws2812_inst/B_reg[8][7]/C
Low Pulse Width   Slow    FDCE/C              n/a            0.500         5.000       4.500      SLICE_X30Y80   ws2812_inst/G_reg[24][0]/C
Low Pulse Width   Slow    FDCE/C              n/a            0.500         5.000       4.500      SLICE_X30Y80   ws2812_inst/G_reg[24][1]/C
High Pulse Width  Slow    FDCE/C              n/a            0.500         5.000       4.500      SLICE_X37Y76   ws2812_inst/G_reg[16][3]/C
High Pulse Width  Slow    FDCE/C              n/a            0.500         5.000       4.500      SLICE_X33Y77   ws2812_inst/G_reg[16][4]/C
High Pulse Width  Fast    FDCE/C              n/a            0.500         5.000       4.500      SLICE_X33Y77   ws2812_inst/G_reg[16][4]/C
High Pulse Width  Slow    FDCE/C              n/a            0.500         5.000       4.500      SLICE_X37Y76   ws2812_inst/G_reg[16][5]/C
High Pulse Width  Slow    FDCE/C              n/a            0.500         5.000       4.500      SLICE_X37Y76   ws2812_inst/G_reg[16][6]/C
High Pulse Width  Slow    FDCE/C              n/a            0.500         5.000       4.500      SLICE_X60Y92   ws2812_inst/R_reg[8][3]/C
High Pulse Width  Slow    FDCE/C              n/a            0.500         5.000       4.500      SLICE_X28Y98   ws2812_inst/B_reg[4][1]/C
High Pulse Width  Slow    FDCE/C              n/a            0.500         5.000       4.500      SLICE_X29Y97   ws2812_inst/B_reg[4][2]/C
High Pulse Width  Slow    FDCE/C              n/a            0.500         5.000       4.500      SLICE_X37Y72   ws2812_inst/G_reg[18][0]/C
High Pulse Width  Fast    FDCE/C              n/a            0.500         5.000       4.500      SLICE_X37Y72   ws2812_inst/G_reg[18][0]/C



