$date
   Fri Nov 14 14:19:15 2025
$end
$version
  2020.1
$end
$timescale
  1ps
$end
$scope module tb_vga_sync $end
$var reg 10 ! h_count [9:0] $end
$var reg 10 " v_count [9:0] $end
$var wire 1 # h_sync $end
$var wire 1 $ v_sync $end
$var wire 1 % video_on $end
$var wire 10 & x_loc [9:0] $end
$var wire 10 ' y_loc [9:0] $end
$var reg 1 ( clk $end
$var reg 1 ) reset $end
$var parameter 32 * HD [31:0] $end
$var parameter 32 + HF [31:0] $end
$var parameter 32 , HB [31:0] $end
$var parameter 32 - HR [31:0] $end
$var parameter 32 . HMAX [31:0] $end
$var parameter 32 / VD [31:0] $end
$var parameter 32 0 VF [31:0] $end
$var parameter 32 1 VB [31:0] $end
$var parameter 32 2 VR [31:0] $end
$var parameter 32 3 VMAX [31:0] $end
$var parameter 32 4 CLK_PERIOD [31:0] $end
$scope module u1 $end
$var wire 10 5 h_count [9:0] $end
$var wire 10 6 v_count [9:0] $end
$var wire 1 # h_sync $end
$var wire 1 $ v_sync $end
$var wire 1 % video_on $end
$var wire 10 & x_loc [9:0] $end
$var wire 10 ' y_loc [9:0] $end
$var parameter 32 7 HD [31:0] $end
$var parameter 32 8 HF [31:0] $end
$var parameter 32 9 HB [31:0] $end
$var parameter 32 : HR [31:0] $end
$var parameter 32 ; VD [31:0] $end
$var parameter 32 < VF [31:0] $end
$var parameter 32 = VB [31:0] $end
$var parameter 32 > VR [31:0] $end
$upscope $end
$upscope $end
$enddefinitions $end
#0
$dumpvars
b0 !
b0 "
1#
1$
1%
b0 &
b0 '
0(
1)
b1010000000 *
b10000 +
b110000 ,
b1100000 -
b1100100000 .
b111100000 /
b1010 0
b100001 1
b10 2
b1000001101 3
b101000 4
b0 5
b0 6
b1010000000 7
b10000 8
b110000 9
b1100000 :
b111100000 ;
b1010 <
b100001 =
b10 >
$end
#20000
b0 !
b0 "
1(
#40000
0(
#60000
b0 !
b0 "
1(
#80000
0(
#100000
b1 !
1#
1%
b1 &
1(
0)
b1 5
#120000
0(
#140000
b10 !
1#
1%
b10 &
1(
b10 5
#160000
0(
#180000
b11 !
1#
1%
b11 &
1(
b11 5
#200000
0(
#220000
b100 !
1#
1%
b100 &
1(
b100 5
#240000
0(
#260000
b101 !
1#
1%
b101 &
1(
b101 5
#280000
0(
#300000
b110 !
1#
1%
b110 &
1(
b110 5
#320000
0(
#340000
b111 !
1#
1%
b111 &
1(
b111 5
#360000
0(
#380000
b1000 !
1#
1%
b1000 &
1(
b1000 5
#400000
0(
#420000
b1001 !
1#
1%
b1001 &
1(
b1001 5
#440000
0(
#460000
b1010 !
1#
1%
b1010 &
1(
b1010 5
#480000
0(
#500000
b1011 !
1#
1%
b1011 &
1(
b1011 5
#520000
0(
#540000
b1100 !
1#
1%
b1100 &
1(
b1100 5
#560000
0(
#580000
b1101 !
1#
1%
b1101 &
1(
b1101 5
#600000
0(
#620000
b1110 !
1#
1%
b1110 &
1(
b1110 5
#640000
0(
#660000
b1111 !
1#
1%
b1111 &
1(
b1111 5
#680000
0(
#700000
b10000 !
1#
1%
b10000 &
1(
b10000 5
#720000
0(
#740000
b10001 !
1#
1%
b10001 &
1(
b10001 5
#760000
0(
#780000
b10010 !
1#
1%
b10010 &
1(
b10010 5
#800000
0(
#820000
b10011 !
1#
1%
b10011 &
1(
b10011 5
#840000
0(
#860000
b10100 !
1#
1%
b10100 &
1(
b10100 5
#880000
0(
#900000
b10101 !
1#
1%
b10101 &
1(
b10101 5
#920000
0(
#940000
b10110 !
1#
1%
b10110 &
1(
b10110 5
#960000
0(
#980000
b10111 !
1#
1%
b10111 &
1(
b10111 5
#1000000
0(
#1020000
b11000 !
1#
1%
b11000 &
1(
b11000 5
#1040000
0(
#1060000
b11001 !
1#
1%
b11001 &
1(
b11001 5
#1080000
0(
#1100000
b11010 !
1#
1%
b11010 &
1(
b11010 5
#1120000
0(
#1140000
b11011 !
1#
1%
b11011 &
1(
b11011 5
#1160000
0(
#1180000
b11100 !
1#
1%
b11100 &
1(
b11100 5
#1200000
0(
#1220000
b11101 !
1#
1%
b11101 &
1(
b11101 5
#1240000
0(
#1260000
b11110 !
1#
1%
b11110 &
1(
b11110 5
#1280000
0(
#1300000
b11111 !
1#
1%
b11111 &
1(
b11111 5
#1320000
0(
#1340000
b100000 !
1#
1%
b100000 &
1(
b100000 5
#1360000
0(
#1380000
b100001 !
1#
1%
b100001 &
1(
b100001 5
#1400000
0(
#1420000
b100010 !
1#
1%
b100010 &
1(
b100010 5
#1440000
0(
#1460000
b100011 !
1#
1%
b100011 &
1(
b100011 5
#1480000
0(
#1500000
b100100 !
1#
1%
b100100 &
1(
b100100 5
#1520000
0(
#1540000
b100101 !
1#
1%
b100101 &
1(
b100101 5
#1560000
0(
#1580000
b100110 !
1#
1%
b100110 &
1(
b100110 5
#1600000
0(
#1620000
b100111 !
1#
1%
b100111 &
1(
b100111 5
#1640000
0(
#1660000
b101000 !
1#
1%
b101000 &
1(
b101000 5
#1680000
0(
#1700000
b101001 !
1#
1%
b101001 &
1(
b101001 5
#1720000
0(
#1740000
b101010 !
1#
1%
b101010 &
1(
b101010 5
#1760000
0(
#1780000
b101011 !
1#
1%
b101011 &
1(
b101011 5
#1800000
0(
#1820000
b101100 !
1#
1%
b101100 &
1(
b101100 5
#1840000
0(
#1860000
b101101 !
1#
1%
b101101 &
1(
b101101 5
#1880000
0(
#1900000
b101110 !
1#
1%
b101110 &
1(
b101110 5
#1920000
0(
#1940000
b101111 !
1#
1%
b101111 &
1(
b101111 5
#1960000
0(
#1980000
b110000 !
1#
1%
b110000 &
1(
b110000 5
#2000000
0(
#2020000
b110001 !
1#
1%
b110001 &
1(
b110001 5
#2040000
0(
#2060000
b110010 !
1#
1%
b110010 &
1(
b110010 5
#2080000
0(
#2100000
b110011 !
1#
1%
b110011 &
1(
b110011 5
#2120000
0(
#2140000
b110100 !
1#
1%
b110100 &
1(
b110100 5
#2160000
0(
#2180000
b110101 !
1#
1%
b110101 &
1(
b110101 5
#2200000
0(
#2220000
b110110 !
1#
1%
b110110 &
1(
b110110 5
#2240000
0(
#2260000
b110111 !
1#
1%
b110111 &
1(
b110111 5
#2280000
0(
#2300000
b111000 !
1#
1%
b111000 &
1(
b111000 5
#2320000
0(
#2340000
b111001 !
1#
1%
b111001 &
1(
b111001 5
#2360000
0(
#2380000
b111010 !
1#
1%
b111010 &
1(
b111010 5
#2400000
0(
#2420000
b111011 !
1#
1%
b111011 &
1(
b111011 5
#2440000
0(
#2460000
b111100 !
1#
1%
b111100 &
1(
b111100 5
#2480000
0(
#2500000
b111101 !
1#
1%
b111101 &
1(
b111101 5
#2520000
0(
#2540000
b111110 !
1#
1%
b111110 &
1(
b111110 5
#2560000
0(
#2580000
b111111 !
1#
1%
b111111 &
1(
b111111 5
#2600000
0(
#2620000
b1000000 !
1#
1%
b1000000 &
1(
b1000000 5
#2640000
0(
#2660000
b1000001 !
1#
1%
b1000001 &
1(
b1000001 5
#2680000
0(
#2700000
b1000010 !
1#
1%
b1000010 &
1(
b1000010 5
#2720000
0(
#2740000
b1000011 !
1#
1%
b1000011 &
1(
b1000011 5
#2760000
0(
#2780000
b1000100 !
1#
1%
b1000100 &
1(
b1000100 5
#2800000
0(
#2820000
b1000101 !
1#
1%
b1000101 &
1(
b1000101 5
#2840000
0(
#2860000
b1000110 !
1#
1%
b1000110 &
1(
b1000110 5
#2880000
0(
#2900000
b1000111 !
1#
1%
b1000111 &
1(
b1000111 5
#2920000
0(
#2940000
b1001000 !
1#
1%
b1001000 &
1(
b1001000 5
#2960000
0(
#2980000
b1001001 !
1#
1%
b1001001 &
1(
b1001001 5
#3000000
0(
#3020000
b1001010 !
1#
1%
b1001010 &
1(
b1001010 5
#3040000
0(
#3060000
b1001011 !
1#
1%
b1001011 &
1(
b1001011 5
#3080000
0(
#3100000
b1001100 !
1#
1%
b1001100 &
1(
b1001100 5
#3120000
0(
#3140000
b1001101 !
1#
1%
b1001101 &
1(
b1001101 5
#3160000
0(
#3180000
b1001110 !
1#
1%
b1001110 &
1(
b1001110 5
#3200000
0(
#3220000
b1001111 !
1#
1%
b1001111 &
1(
b1001111 5
#3240000
0(
#3260000
b1010000 !
1#
1%
b1010000 &
1(
b1010000 5
#3280000
0(
#3300000
b1010001 !
1#
1%
b1010001 &
1(
b1010001 5
#3320000
0(
#3340000
b1010010 !
1#
1%
b1010010 &
1(
b1010010 5
#3360000
0(
#3380000
b1010011 !
1#
1%
b1010011 &
1(
b1010011 5
#3400000
0(
#3420000
b1010100 !
1#
1%
b1010100 &
1(
b1010100 5
#3440000
0(
#3460000
b1010101 !
1#
1%
b1010101 &
1(
b1010101 5
#3480000
0(
#3500000
b1010110 !
1#
1%
b1010110 &
1(
b1010110 5
#3520000
0(
#3540000
b1010111 !
1#
1%
b1010111 &
1(
b1010111 5
#3560000
0(
#3580000
b1011000 !
1#
1%
b1011000 &
1(
b1011000 5
#3600000
0(
#3620000
b1011001 !
1#
1%
b1011001 &
1(
b1011001 5
#3640000
0(
#3660000
b1011010 !
1#
1%
b1011010 &
1(
b1011010 5
#3680000
0(
#3700000
b1011011 !
1#
1%
b1011011 &
1(
b1011011 5
#3720000
0(
#3740000
b1011100 !
1#
1%
b1011100 &
1(
b1011100 5
#3760000
0(
#3780000
b1011101 !
1#
1%
b1011101 &
1(
b1011101 5
#3800000
0(
#3820000
b1011110 !
1#
1%
b1011110 &
1(
b1011110 5
#3840000
0(
#3860000
b1011111 !
1#
1%
b1011111 &
1(
b1011111 5
#3880000
0(
#3900000
b1100000 !
1#
1%
b1100000 &
1(
b1100000 5
#3920000
0(
#3940000
b1100001 !
1#
1%
b1100001 &
1(
b1100001 5
#3960000
0(
#3980000
b1100010 !
1#
1%
b1100010 &
1(
b1100010 5
#4000000
0(
#4020000
b1100011 !
1#
1%
b1100011 &
1(
b1100011 5
#4040000
0(
#4060000
b1100100 !
1#
1%
b1100100 &
1(
b1100100 5
#4080000
0(
#4100000
b1100101 !
1#
1%
b1100101 &
1(
b1100101 5
#4120000
0(
#4140000
b1100110 !
1#
1%
b1100110 &
1(
b1100110 5
#4160000
0(
#4180000
b1100111 !
1#
1%
b1100111 &
1(
b1100111 5
#4200000
0(
#4220000
b1101000 !
1#
1%
b1101000 &
1(
b1101000 5
#4240000
0(
#4260000
b1101001 !
1#
1%
b1101001 &
1(
b1101001 5
#4280000
0(
#4300000
b1101010 !
1#
1%
b1101010 &
1(
b1101010 5
#4320000
0(
#4340000
b1101011 !
1#
1%
b1101011 &
1(
b1101011 5
#4360000
0(
#4380000
b1101100 !
1#
1%
b1101100 &
1(
b1101100 5
#4400000
0(
#4420000
b1101101 !
1#
1%
b1101101 &
1(
b1101101 5
#4440000
0(
#4460000
b1101110 !
1#
1%
b1101110 &
1(
b1101110 5
#4480000
0(
#4500000
b1101111 !
1#
1%
b1101111 &
1(
b1101111 5
#4520000
0(
#4540000
b1110000 !
1#
1%
b1110000 &
1(
b1110000 5
#4560000
0(
#4580000
b1110001 !
1#
1%
b1110001 &
1(
b1110001 5
#4600000
0(
#4620000
b1110010 !
1#
1%
b1110010 &
1(
b1110010 5
#4640000
0(
#4660000
b1110011 !
1#
1%
b1110011 &
1(
b1110011 5
#4680000
0(
#4700000
b1110100 !
1#
1%
b1110100 &
1(
b1110100 5
#4720000
0(
#4740000
b1110101 !
1#
1%
b1110101 &
1(
b1110101 5
#4760000
0(
#4780000
b1110110 !
1#
1%
b1110110 &
1(
b1110110 5
#4800000
0(
#4820000
b1110111 !
1#
1%
b1110111 &
1(
b1110111 5
#4840000
0(
#4860000
b1111000 !
1#
1%
b1111000 &
1(
b1111000 5
#4880000
0(
#4900000
b1111001 !
1#
1%
b1111001 &
1(
b1111001 5
#4920000
0(
#4940000
b1111010 !
1#
1%
b1111010 &
1(
b1111010 5
#4960000
0(
#4980000
b1111011 !
1#
1%
b1111011 &
1(
b1111011 5
#5000000
0(
#5020000
b1111100 !
1#
1%
b1111100 &
1(
b1111100 5
#5040000
0(
#5060000
b1111101 !
1#
1%
b1111101 &
1(
b1111101 5
#5080000
0(
#5100000
b1111110 !
1#
1%
b1111110 &
1(
b1111110 5
#5120000
0(
#5140000
b1111111 !
1#
1%
b1111111 &
1(
b1111111 5
#5160000
0(
#5180000
b10000000 !
1#
1%
b10000000 &
1(
b10000000 5
#5200000
0(
#5220000
b10000001 !
1#
1%
b10000001 &
1(
b10000001 5
#5240000
0(
#5260000
b10000010 !
1#
1%
b10000010 &
1(
b10000010 5
#5280000
0(
#5300000
b10000011 !
1#
1%
b10000011 &
1(
b10000011 5
#5320000
0(
#5340000
b10000100 !
1#
1%
b10000100 &
1(
b10000100 5
#5360000
0(
#5380000
b10000101 !
1#
1%
b10000101 &
1(
b10000101 5
#5400000
0(
#5420000
b10000110 !
1#
1%
b10000110 &
1(
b10000110 5
#5440000
0(
#5460000
b10000111 !
1#
1%
b10000111 &
1(
b10000111 5
#5480000
0(
#5500000
b10001000 !
1#
1%
b10001000 &
1(
b10001000 5
#5520000
0(
#5540000
b10001001 !
1#
1%
b10001001 &
1(
b10001001 5
#5560000
0(
#5580000
b10001010 !
1#
1%
b10001010 &
1(
b10001010 5
#5600000
0(
#5620000
b10001011 !
1#
1%
b10001011 &
1(
b10001011 5
#5640000
0(
#5660000
b10001100 !
1#
1%
b10001100 &
1(
b10001100 5
#5680000
0(
#5700000
b10001101 !
1#
1%
b10001101 &
1(
b10001101 5
#5720000
0(
#5740000
b10001110 !
1#
1%
b10001110 &
1(
b10001110 5
#5760000
0(
#5780000
b10001111 !
1#
1%
b10001111 &
1(
b10001111 5
#5800000
0(
#5820000
b10010000 !
1#
1%
b10010000 &
1(
b10010000 5
#5840000
0(
#5860000
b10010001 !
1#
1%
b10010001 &
1(
b10010001 5
#5880000
0(
#5900000
b10010010 !
1#
1%
b10010010 &
1(
b10010010 5
#5920000
0(
#5940000
b10010011 !
1#
1%
b10010011 &
1(
b10010011 5
#5960000
0(
#5980000
b10010100 !
1#
1%
b10010100 &
1(
b10010100 5
#6000000
0(
#6020000
b10010101 !
1#
1%
b10010101 &
1(
b10010101 5
#6040000
0(
#6060000
b10010110 !
1#
1%
b10010110 &
1(
b10010110 5
#6080000
0(
#6100000
b10010111 !
1#
1%
b10010111 &
1(
b10010111 5
#6120000
0(
#6140000
b10011000 !
1#
1%
b10011000 &
1(
b10011000 5
#6160000
0(
#6180000
b10011001 !
1#
1%
b10011001 &
1(
b10011001 5
#6200000
0(
#6220000
b10011010 !
1#
1%
b10011010 &
1(
b10011010 5
#6240000
0(
#6260000
b10011011 !
1#
1%
b10011011 &
1(
b10011011 5
#6280000
0(
#6300000
b10011100 !
1#
1%
b10011100 &
1(
b10011100 5
#6320000
0(
#6340000
b10011101 !
1#
1%
b10011101 &
1(
b10011101 5
#6360000
0(
#6380000
b10011110 !
1#
1%
b10011110 &
1(
b10011110 5
#6400000
0(
#6420000
b10011111 !
1#
1%
b10011111 &
1(
b10011111 5
#6440000
0(
#6460000
b10100000 !
1#
1%
b10100000 &
1(
b10100000 5
#6480000
0(
#6500000
b10100001 !
1#
1%
b10100001 &
1(
b10100001 5
#6520000
0(
#6540000
b10100010 !
1#
1%
b10100010 &
1(
b10100010 5
#6560000
0(
#6580000
b10100011 !
1#
1%
b10100011 &
1(
b10100011 5
#6600000
0(
#6620000
b10100100 !
1#
1%
b10100100 &
1(
b10100100 5
#6640000
0(
#6660000
b10100101 !
1#
1%
b10100101 &
1(
b10100101 5
#6680000
0(
#6700000
b10100110 !
1#
1%
b10100110 &
1(
b10100110 5
#6720000
0(
#6740000
b10100111 !
1#
1%
b10100111 &
1(
b10100111 5
#6760000
0(
#6780000
b10101000 !
1#
1%
b10101000 &
1(
b10101000 5
#6800000
0(
#6820000
b10101001 !
1#
1%
b10101001 &
1(
b10101001 5
#6840000
0(
#6860000
b10101010 !
1#
1%
b10101010 &
1(
b10101010 5
#6880000
0(
#6900000
b10101011 !
1#
1%
b10101011 &
1(
b10101011 5
#6920000
0(
#6940000
b10101100 !
1#
1%
b10101100 &
1(
b10101100 5
#6960000
0(
#6980000
b10101101 !
1#
1%
b10101101 &
1(
b10101101 5
#7000000
0(
#7020000
b10101110 !
1#
1%
b10101110 &
1(
b10101110 5
#7040000
0(
#7060000
b10101111 !
1#
1%
b10101111 &
1(
b10101111 5
#7080000
0(
#7100000
b10110000 !
1#
1%
b10110000 &
1(
b10110000 5
#7120000
0(
#7140000
b10110001 !
1#
1%
b10110001 &
1(
b10110001 5
#7160000
0(
#7180000
b10110010 !
1#
1%
b10110010 &
1(
b10110010 5
#7200000
0(
#7220000
b10110011 !
1#
1%
b10110011 &
1(
b10110011 5
#7240000
0(
#7260000
b10110100 !
1#
1%
b10110100 &
1(
b10110100 5
#7280000
0(
#7300000
b10110101 !
1#
1%
b10110101 &
1(
b10110101 5
#7320000
0(
#7340000
b10110110 !
1#
1%
b10110110 &
1(
b10110110 5
#7360000
0(
#7380000
b10110111 !
1#
1%
b10110111 &
1(
b10110111 5
#7400000
0(
#7420000
b10111000 !
1#
1%
b10111000 &
1(
b10111000 5
#7440000
0(
#7460000
b10111001 !
1#
1%
b10111001 &
1(
b10111001 5
#7480000
0(
#7500000
b10111010 !
1#
1%
b10111010 &
1(
b10111010 5
#7520000
0(
#7540000
b10111011 !
1#
1%
b10111011 &
1(
b10111011 5
#7560000
0(
#7580000
b10111100 !
1#
1%
b10111100 &
1(
b10111100 5
#7600000
0(
#7620000
b10111101 !
1#
1%
b10111101 &
1(
b10111101 5
#7640000
0(
#7660000
b10111110 !
1#
1%
b10111110 &
1(
b10111110 5
#7680000
0(
#7700000
b10111111 !
1#
1%
b10111111 &
1(
b10111111 5
#7720000
0(
#7740000
b11000000 !
1#
1%
b11000000 &
1(
b11000000 5
#7760000
0(
#7780000
b11000001 !
1#
1%
b11000001 &
1(
b11000001 5
#7800000
0(
#7820000
b11000010 !
1#
1%
b11000010 &
1(
b11000010 5
#7840000
0(
#7860000
b11000011 !
1#
1%
b11000011 &
1(
b11000011 5
#7880000
0(
#7900000
b11000100 !
1#
1%
b11000100 &
1(
b11000100 5
#7920000
0(
#7940000
b11000101 !
1#
1%
b11000101 &
1(
b11000101 5
#7960000
0(
#7980000
b11000110 !
1#
1%
b11000110 &
1(
b11000110 5
#8000000
0(
#8020000
b11000111 !
1#
1%
b11000111 &
1(
b11000111 5
#8040000
0(
#8060000
b11001000 !
1#
1%
b11001000 &
1(
b11001000 5
#8080000
0(
#8100000
b11001001 !
1#
1%
b11001001 &
1(
b11001001 5
#8120000
0(
#8140000
b11001010 !
1#
1%
b11001010 &
1(
b11001010 5
#8160000
0(
#8180000
b11001011 !
1#
1%
b11001011 &
1(
b11001011 5
#8200000
0(
#8220000
b11001100 !
1#
1%
b11001100 &
1(
b11001100 5
#8240000
0(
#8260000
b11001101 !
1#
1%
b11001101 &
1(
b11001101 5
#8280000
0(
#8300000
b11001110 !
1#
1%
b11001110 &
1(
b11001110 5
#8320000
0(
#8340000
b11001111 !
1#
1%
b11001111 &
1(
b11001111 5
#8360000
0(
#8380000
b11010000 !
1#
1%
b11010000 &
1(
b11010000 5
#8400000
0(
#8420000
b11010001 !
1#
1%
b11010001 &
1(
b11010001 5
#8440000
0(
#8460000
b11010010 !
1#
1%
b11010010 &
1(
b11010010 5
#8480000
0(
#8500000
b11010011 !
1#
1%
b11010011 &
1(
b11010011 5
#8520000
0(
#8540000
b11010100 !
1#
1%
b11010100 &
1(
b11010100 5
#8560000
0(
#8580000
b11010101 !
1#
1%
b11010101 &
1(
b11010101 5
#8600000
0(
#8620000
b11010110 !
1#
1%
b11010110 &
1(
b11010110 5
#8640000
0(
#8660000
b11010111 !
1#
1%
b11010111 &
1(
b11010111 5
#8680000
0(
#8700000
b11011000 !
1#
1%
b11011000 &
1(
b11011000 5
#8720000
0(
#8740000
b11011001 !
1#
1%
b11011001 &
1(
b11011001 5
#8760000
0(
#8780000
b11011010 !
1#
1%
b11011010 &
1(
b11011010 5
#8800000
0(
#8820000
b11011011 !
1#
1%
b11011011 &
1(
b11011011 5
#8840000
0(
#8860000
b11011100 !
1#
1%
b11011100 &
1(
b11011100 5
#8880000
0(
#8900000
b11011101 !
1#
1%
b11011101 &
1(
b11011101 5
#8920000
0(
#8940000
b11011110 !
1#
1%
b11011110 &
1(
b11011110 5
#8960000
0(
#8980000
b11011111 !
1#
1%
b11011111 &
1(
b11011111 5
#9000000
0(
#9020000
b11100000 !
1#
1%
b11100000 &
1(
b11100000 5
#9040000
0(
#9060000
b11100001 !
1#
1%
b11100001 &
1(
b11100001 5
#9080000
0(
#9100000
b11100010 !
1#
1%
b11100010 &
1(
b11100010 5
#9120000
0(
#9140000
b11100011 !
1#
1%
b11100011 &
1(
b11100011 5
#9160000
0(
#9180000
b11100100 !
1#
1%
b11100100 &
1(
b11100100 5
#9200000
0(
#9220000
b11100101 !
1#
1%
b11100101 &
1(
b11100101 5
#9240000
0(
#9260000
b11100110 !
1#
1%
b11100110 &
1(
b11100110 5
#9280000
0(
#9300000
b11100111 !
1#
1%
b11100111 &
1(
b11100111 5
#9320000
0(
#9340000
b11101000 !
1#
1%
b11101000 &
1(
b11101000 5
#9360000
0(
#9380000
b11101001 !
1#
1%
b11101001 &
1(
b11101001 5
#9400000
0(
#9420000
b11101010 !
1#
1%
b11101010 &
1(
b11101010 5
#9440000
0(
#9460000
b11101011 !
1#
1%
b11101011 &
1(
b11101011 5
#9480000
0(
#9500000
b11101100 !
1#
1%
b11101100 &
1(
b11101100 5
#9520000
0(
#9540000
b11101101 !
1#
1%
b11101101 &
1(
b11101101 5
#9560000
0(
#9580000
b11101110 !
1#
1%
b11101110 &
1(
b11101110 5
#9600000
0(
#9620000
b11101111 !
1#
1%
b11101111 &
1(
b11101111 5
#9640000
0(
#9660000
b11110000 !
1#
1%
b11110000 &
1(
b11110000 5
#9680000
0(
#9700000
b11110001 !
1#
1%
b11110001 &
1(
b11110001 5
#9720000
0(
#9740000
b11110010 !
1#
1%
b11110010 &
1(
b11110010 5
#9760000
0(
#9780000
b11110011 !
1#
1%
b11110011 &
1(
b11110011 5
#9800000
0(
#9820000
b11110100 !
1#
1%
b11110100 &
1(
b11110100 5
#9840000
0(
#9860000
b11110101 !
1#
1%
b11110101 &
1(
b11110101 5
#9880000
0(
#9900000
b11110110 !
1#
1%
b11110110 &
1(
b11110110 5
#9920000
0(
#9940000
b11110111 !
1#
1%
b11110111 &
1(
b11110111 5
#9960000
0(
#9980000
b11111000 !
1#
1%
b11111000 &
1(
b11111000 5
#10000000
0(
#10020000
b11111001 !
1#
1%
b11111001 &
1(
b11111001 5
#10040000
0(
#10060000
b11111010 !
1#
1%
b11111010 &
1(
b11111010 5
#10080000
0(
#10100000
b11111011 !
1#
1%
b11111011 &
1(
b11111011 5
#10120000
0(
#10140000
b11111100 !
1#
1%
b11111100 &
1(
b11111100 5
#10160000
0(
#10180000
b11111101 !
1#
1%
b11111101 &
1(
b11111101 5
#10200000
0(
#10220000
b11111110 !
1#
1%
b11111110 &
1(
b11111110 5
#10240000
0(
#10260000
b11111111 !
1#
1%
b11111111 &
1(
b11111111 5
#10280000
0(
#10300000
b100000000 !
1#
1%
b100000000 &
1(
b100000000 5
#10320000
0(
#10340000
b100000001 !
1#
1%
b100000001 &
1(
b100000001 5
#10360000
0(
#10380000
b100000010 !
1#
1%
b100000010 &
1(
b100000010 5
#10400000
0(
#10420000
b100000011 !
1#
1%
b100000011 &
1(
b100000011 5
#10440000
0(
#10460000
b100000100 !
1#
1%
b100000100 &
1(
b100000100 5
#10480000
0(
#10500000
b100000101 !
1#
1%
b100000101 &
1(
b100000101 5
#10520000
0(
#10540000
b100000110 !
1#
1%
b100000110 &
1(
b100000110 5
#10560000
0(
#10580000
b100000111 !
1#
1%
b100000111 &
1(
b100000111 5
#10600000
0(
#10620000
b100001000 !
1#
1%
b100001000 &
1(
b100001000 5
#10640000
0(
#10660000
b100001001 !
1#
1%
b100001001 &
1(
b100001001 5
#10680000
0(
#10700000
b100001010 !
1#
1%
b100001010 &
1(
b100001010 5
#10720000
0(
#10740000
b100001011 !
1#
1%
b100001011 &
1(
b100001011 5
#10760000
0(
#10780000
b100001100 !
1#
1%
b100001100 &
1(
b100001100 5
#10800000
0(
#10820000
b100001101 !
1#
1%
b100001101 &
1(
b100001101 5
#10840000
0(
#10860000
b100001110 !
1#
1%
b100001110 &
1(
b100001110 5
#10880000
0(
#10900000
b100001111 !
1#
1%
b100001111 &
1(
b100001111 5
#10920000
0(
#10940000
b100010000 !
1#
1%
b100010000 &
1(
b100010000 5
#10960000
0(
#10980000
b100010001 !
1#
1%
b100010001 &
1(
b100010001 5
#11000000
0(
#11020000
b100010010 !
1#
1%
b100010010 &
1(
b100010010 5
#11040000
0(
#11060000
b100010011 !
1#
1%
b100010011 &
1(
b100010011 5
#11080000
0(
#11100000
b100010100 !
1#
1%
b100010100 &
1(
b100010100 5
#11120000
0(
#11140000
b100010101 !
1#
1%
b100010101 &
1(
b100010101 5
#11160000
0(
#11180000
b100010110 !
1#
1%
b100010110 &
1(
b100010110 5
#11200000
0(
#11220000
b100010111 !
1#
1%
b100010111 &
1(
b100010111 5
#11240000
0(
#11260000
b100011000 !
1#
1%
b100011000 &
1(
b100011000 5
#11280000
0(
#11300000
b100011001 !
1#
1%
b100011001 &
1(
b100011001 5
#11320000
0(
#11340000
b100011010 !
1#
1%
b100011010 &
1(
b100011010 5
#11360000
0(
#11380000
b100011011 !
1#
1%
b100011011 &
1(
b100011011 5
#11400000
0(
#11420000
b100011100 !
1#
1%
b100011100 &
1(
b100011100 5
#11440000
0(
#11460000
b100011101 !
1#
1%
b100011101 &
1(
b100011101 5
#11480000
0(
#11500000
b100011110 !
1#
1%
b100011110 &
1(
b100011110 5
#11520000
0(
#11540000
b100011111 !
1#
1%
b100011111 &
1(
b100011111 5
#11560000
0(
#11580000
b100100000 !
1#
1%
b100100000 &
1(
b100100000 5
#11600000
0(
#11620000
b100100001 !
1#
1%
b100100001 &
1(
b100100001 5
#11640000
0(
#11660000
b100100010 !
1#
1%
b100100010 &
1(
b100100010 5
#11680000
0(
#11700000
b100100011 !
1#
1%
b100100011 &
1(
b100100011 5
#11720000
0(
#11740000
b100100100 !
1#
1%
b100100100 &
1(
b100100100 5
#11760000
0(
#11780000
b100100101 !
1#
1%
b100100101 &
1(
b100100101 5
#11800000
0(
#11820000
b100100110 !
1#
1%
b100100110 &
1(
b100100110 5
#11840000
0(
#11860000
b100100111 !
1#
1%
b100100111 &
1(
b100100111 5
#11880000
0(
#11900000
b100101000 !
1#
1%
b100101000 &
1(
b100101000 5
#11920000
0(
#11940000
b100101001 !
1#
1%
b100101001 &
1(
b100101001 5
#11960000
0(
#11980000
b100101010 !
1#
1%
b100101010 &
1(
b100101010 5
#12000000
0(
#12020000
b100101011 !
1#
1%
b100101011 &
1(
b100101011 5
#12040000
0(
#12060000
b100101100 !
1#
1%
b100101100 &
1(
b100101100 5
#12080000
0(
#12100000
b100101101 !
1#
1%
b100101101 &
1(
b100101101 5
#12120000
0(
#12140000
b100101110 !
1#
1%
b100101110 &
1(
b100101110 5
#12160000
0(
#12180000
b100101111 !
1#
1%
b100101111 &
1(
b100101111 5
#12200000
0(
#12220000
b100110000 !
1#
1%
b100110000 &
1(
b100110000 5
#12240000
0(
#12260000
b100110001 !
1#
1%
b100110001 &
1(
b100110001 5
#12280000
0(
#12300000
b100110010 !
1#
1%
b100110010 &
1(
b100110010 5
#12320000
0(
#12340000
b100110011 !
1#
1%
b100110011 &
1(
b100110011 5
#12360000
0(
#12380000
b100110100 !
1#
1%
b100110100 &
1(
b100110100 5
#12400000
0(
#12420000
b100110101 !
1#
1%
b100110101 &
1(
b100110101 5
#12440000
0(
#12460000
b100110110 !
1#
1%
b100110110 &
1(
b100110110 5
#12480000
0(
#12500000
b100110111 !
1#
1%
b100110111 &
1(
b100110111 5
#12520000
0(
#12540000
b100111000 !
1#
1%
b100111000 &
1(
b100111000 5
#12560000
0(
#12580000
b100111001 !
1#
1%
b100111001 &
1(
b100111001 5
#12600000
0(
#12620000
b100111010 !
1#
1%
b100111010 &
1(
b100111010 5
#12640000
0(
#12660000
b100111011 !
1#
1%
b100111011 &
1(
b100111011 5
#12680000
0(
#12700000
b100111100 !
1#
1%
b100111100 &
1(
b100111100 5
#12720000
0(
#12740000
b100111101 !
1#
1%
b100111101 &
1(
b100111101 5
#12760000
0(
#12780000
b100111110 !
1#
1%
b100111110 &
1(
b100111110 5
#12800000
0(
#12820000
b100111111 !
1#
1%
b100111111 &
1(
b100111111 5
#12840000
0(
#12860000
b101000000 !
1#
1%
b101000000 &
1(
b101000000 5
#12880000
0(
#12900000
b101000001 !
1#
1%
b101000001 &
1(
b101000001 5
#12920000
0(
#12940000
b101000010 !
1#
1%
b101000010 &
1(
b101000010 5
#12960000
0(
#12980000
b101000011 !
1#
1%
b101000011 &
1(
b101000011 5
#13000000
0(
#13020000
b101000100 !
1#
1%
b101000100 &
1(
b101000100 5
#13040000
0(
#13060000
b101000101 !
1#
1%
b101000101 &
1(
b101000101 5
#13080000
0(
#13100000
b101000110 !
1#
1%
b101000110 &
1(
b101000110 5
#13120000
0(
#13140000
b101000111 !
1#
1%
b101000111 &
1(
b101000111 5
#13160000
0(
#13180000
b101001000 !
1#
1%
b101001000 &
1(
b101001000 5
#13200000
0(
#13220000
b101001001 !
1#
1%
b101001001 &
1(
b101001001 5
#13240000
0(
#13260000
b101001010 !
1#
1%
b101001010 &
1(
b101001010 5
#13280000
0(
#13300000
b101001011 !
1#
1%
b101001011 &
1(
b101001011 5
#13320000
0(
#13340000
b101001100 !
1#
1%
b101001100 &
1(
b101001100 5
#13360000
0(
#13380000
b101001101 !
1#
1%
b101001101 &
1(
b101001101 5
#13400000
0(
#13420000
b101001110 !
1#
1%
b101001110 &
1(
b101001110 5
#13440000
0(
#13460000
b101001111 !
1#
1%
b101001111 &
1(
b101001111 5
#13480000
0(
#13500000
b101010000 !
1#
1%
b101010000 &
1(
b101010000 5
#13520000
0(
#13540000
b101010001 !
1#
1%
b101010001 &
1(
b101010001 5
#13560000
0(
#13580000
b101010010 !
1#
1%
b101010010 &
1(
b101010010 5
#13600000
0(
#13620000
b101010011 !
1#
1%
b101010011 &
1(
b101010011 5
#13640000
0(
#13660000
b101010100 !
1#
1%
b101010100 &
1(
b101010100 5
#13680000
0(
#13700000
b101010101 !
1#
1%
b101010101 &
1(
b101010101 5
#13720000
0(
#13740000
b101010110 !
1#
1%
b101010110 &
1(
b101010110 5
#13760000
0(
#13780000
b101010111 !
1#
1%
b101010111 &
1(
b101010111 5
#13800000
0(
#13820000
b101011000 !
1#
1%
b101011000 &
1(
b101011000 5
#13840000
0(
#13860000
b101011001 !
1#
1%
b101011001 &
1(
b101011001 5
#13880000
0(
#13900000
b101011010 !
1#
1%
b101011010 &
1(
b101011010 5
#13920000
0(
#13940000
b101011011 !
1#
1%
b101011011 &
1(
b101011011 5
#13960000
0(
#13980000
b101011100 !
1#
1%
b101011100 &
1(
b101011100 5
#14000000
0(
#14020000
b101011101 !
1#
1%
b101011101 &
1(
b101011101 5
#14040000
0(
#14060000
b101011110 !
1#
1%
b101011110 &
1(
b101011110 5
#14080000
0(
#14100000
b101011111 !
1#
1%
b101011111 &
1(
b101011111 5
#14120000
0(
#14140000
b101100000 !
1#
1%
b101100000 &
1(
b101100000 5
#14160000
0(
#14180000
b101100001 !
1#
1%
b101100001 &
1(
b101100001 5
#14200000
0(
#14220000
b101100010 !
1#
1%
b101100010 &
1(
b101100010 5
#14240000
0(
#14260000
b101100011 !
1#
1%
b101100011 &
1(
b101100011 5
#14280000
0(
#14300000
b101100100 !
1#
1%
b101100100 &
1(
b101100100 5
#14320000
0(
#14340000
b101100101 !
1#
1%
b101100101 &
1(
b101100101 5
#14360000
0(
#14380000
b101100110 !
1#
1%
b101100110 &
1(
b101100110 5
#14400000
0(
#14420000
b101100111 !
1#
1%
b101100111 &
1(
b101100111 5
#14440000
0(
#14460000
b101101000 !
1#
1%
b101101000 &
1(
b101101000 5
#14480000
0(
#14500000
b101101001 !
1#
1%
b101101001 &
1(
b101101001 5
#14520000
0(
#14540000
b101101010 !
1#
1%
b101101010 &
1(
b101101010 5
#14560000
0(
#14580000
b101101011 !
1#
1%
b101101011 &
1(
b101101011 5
#14600000
0(
#14620000
b101101100 !
1#
1%
b101101100 &
1(
b101101100 5
#14640000
0(
#14660000
b101101101 !
1#
1%
b101101101 &
1(
b101101101 5
#14680000
0(
#14700000
b101101110 !
1#
1%
b101101110 &
1(
b101101110 5
#14720000
0(
#14740000
b101101111 !
1#
1%
b101101111 &
1(
b101101111 5
#14760000
0(
#14780000
b101110000 !
1#
1%
b101110000 &
1(
b101110000 5
#14800000
0(
#14820000
b101110001 !
1#
1%
b101110001 &
1(
b101110001 5
#14840000
0(
#14860000
b101110010 !
1#
1%
b101110010 &
1(
b101110010 5
#14880000
0(
#14900000
b101110011 !
1#
1%
b101110011 &
1(
b101110011 5
#14920000
0(
#14940000
b101110100 !
1#
1%
b101110100 &
1(
b101110100 5
#14960000
0(
#14980000
b101110101 !
1#
1%
b101110101 &
1(
b101110101 5
#15000000
0(
#15020000
b101110110 !
1#
1%
b101110110 &
1(
b101110110 5
#15040000
0(
#15060000
b101110111 !
1#
1%
b101110111 &
1(
b101110111 5
#15080000
0(
#15100000
b101111000 !
1#
1%
b101111000 &
1(
b101111000 5
#15120000
0(
#15140000
b101111001 !
1#
1%
b101111001 &
1(
b101111001 5
#15160000
0(
#15180000
b101111010 !
1#
1%
b101111010 &
1(
b101111010 5
#15200000
0(
#15220000
b101111011 !
1#
1%
b101111011 &
1(
b101111011 5
#15240000
0(
#15260000
b101111100 !
1#
1%
b101111100 &
1(
b101111100 5
#15280000
0(
#15300000
b101111101 !
1#
1%
b101111101 &
1(
b101111101 5
#15320000
0(
#15340000
b101111110 !
1#
1%
b101111110 &
1(
b101111110 5
#15360000
0(
#15380000
b101111111 !
1#
1%
b101111111 &
1(
b101111111 5
#15400000
0(
#15420000
b110000000 !
1#
1%
b110000000 &
1(
b110000000 5
#15440000
0(
#15460000
b110000001 !
1#
1%
b110000001 &
1(
b110000001 5
#15480000
0(
#15500000
b110000010 !
1#
1%
b110000010 &
1(
b110000010 5
#15520000
0(
#15540000
b110000011 !
1#
1%
b110000011 &
1(
b110000011 5
#15560000
0(
#15580000
b110000100 !
1#
1%
b110000100 &
1(
b110000100 5
#15600000
0(
#15620000
b110000101 !
1#
1%
b110000101 &
1(
b110000101 5
#15640000
0(
#15660000
b110000110 !
1#
1%
b110000110 &
1(
b110000110 5
#15680000
0(
#15700000
b110000111 !
1#
1%
b110000111 &
1(
b110000111 5
#15720000
0(
#15740000
b110001000 !
1#
1%
b110001000 &
1(
b110001000 5
#15760000
0(
#15780000
b110001001 !
1#
1%
b110001001 &
1(
b110001001 5
#15800000
0(
#15820000
b110001010 !
1#
1%
b110001010 &
1(
b110001010 5
#15840000
0(
#15860000
b110001011 !
1#
1%
b110001011 &
1(
b110001011 5
#15880000
0(
#15900000
b110001100 !
1#
1%
b110001100 &
1(
b110001100 5
#15920000
0(
#15940000
b110001101 !
1#
1%
b110001101 &
1(
b110001101 5
#15960000
0(
#15980000
b110001110 !
1#
1%
b110001110 &
1(
b110001110 5
#16000000
0(
#16020000
b110001111 !
1#
1%
b110001111 &
1(
b110001111 5
#16040000
0(
#16060000
b110010000 !
1#
1%
b110010000 &
1(
b110010000 5
#16080000
0(
#16100000
b110010001 !
1#
1%
b110010001 &
1(
b110010001 5
#16120000
0(
#16140000
b110010010 !
1#
1%
b110010010 &
1(
b110010010 5
#16160000
0(
#16180000
b110010011 !
1#
1%
b110010011 &
1(
b110010011 5
#16200000
0(
#16220000
b110010100 !
1#
1%
b110010100 &
1(
b110010100 5
#16240000
0(
#16260000
b110010101 !
1#
1%
b110010101 &
1(
b110010101 5
#16280000
0(
#16300000
b110010110 !
1#
1%
b110010110 &
1(
b110010110 5
#16320000
0(
#16340000
b110010111 !
1#
1%
b110010111 &
1(
b110010111 5
#16360000
0(
#16380000
b110011000 !
1#
1%
b110011000 &
1(
b110011000 5
#16400000
0(
#16420000
b110011001 !
1#
1%
b110011001 &
1(
b110011001 5
#16440000
0(
#16460000
b110011010 !
1#
1%
b110011010 &
1(
b110011010 5
#16480000
0(
#16500000
b110011011 !
1#
1%
b110011011 &
1(
b110011011 5
#16520000
0(
#16540000
b110011100 !
1#
1%
b110011100 &
1(
b110011100 5
#16560000
0(
#16580000
b110011101 !
1#
1%
b110011101 &
1(
b110011101 5
#16600000
0(
#16620000
b110011110 !
1#
1%
b110011110 &
1(
b110011110 5
#16640000
0(
#16660000
b110011111 !
1#
1%
b110011111 &
1(
b110011111 5
#16680000
0(
#16700000
b110100000 !
1#
1%
b110100000 &
1(
b110100000 5
#16720000
0(
#16740000
b110100001 !
1#
1%
b110100001 &
1(
b110100001 5
#16760000
0(
#16780000
b110100010 !
1#
1%
b110100010 &
1(
b110100010 5
#16800000
0(
#16820000
b110100011 !
1#
1%
b110100011 &
1(
b110100011 5
#16840000
0(
#16860000
b110100100 !
1#
1%
b110100100 &
1(
b110100100 5
#16880000
0(
#16900000
b110100101 !
1#
1%
b110100101 &
1(
b110100101 5
#16920000
0(
#16940000
b110100110 !
1#
1%
b110100110 &
1(
b110100110 5
#16960000
0(
#16980000
b110100111 !
1#
1%
b110100111 &
1(
b110100111 5
#17000000
0(
#17020000
b110101000 !
1#
1%
b110101000 &
1(
b110101000 5
#17040000
0(
#17060000
b110101001 !
1#
1%
b110101001 &
1(
b110101001 5
#17080000
0(
#17100000
b110101010 !
1#
1%
b110101010 &
1(
b110101010 5
#17120000
0(
#17140000
b110101011 !
1#
1%
b110101011 &
1(
b110101011 5
#17160000
0(
#17180000
b110101100 !
1#
1%
b110101100 &
1(
b110101100 5
#17200000
0(
#17220000
b110101101 !
1#
1%
b110101101 &
1(
b110101101 5
#17240000
0(
#17260000
b110101110 !
1#
1%
b110101110 &
1(
b110101110 5
#17280000
0(
#17300000
b110101111 !
1#
1%
b110101111 &
1(
b110101111 5
#17320000
0(
#17340000
b110110000 !
1#
1%
b110110000 &
1(
b110110000 5
#17360000
0(
#17380000
b110110001 !
1#
1%
b110110001 &
1(
b110110001 5
#17400000
0(
#17420000
b110110010 !
1#
1%
b110110010 &
1(
b110110010 5
#17440000
0(
#17460000
b110110011 !
1#
1%
b110110011 &
1(
b110110011 5
#17480000
0(
#17500000
b110110100 !
1#
1%
b110110100 &
1(
b110110100 5
#17520000
0(
#17540000
b110110101 !
1#
1%
b110110101 &
1(
b110110101 5
#17560000
0(
#17580000
b110110110 !
1#
1%
b110110110 &
1(
b110110110 5
#17600000
0(
#17620000
b110110111 !
1#
1%
b110110111 &
1(
b110110111 5
#17640000
0(
#17660000
b110111000 !
1#
1%
b110111000 &
1(
b110111000 5
#17680000
0(
#17700000
b110111001 !
1#
1%
b110111001 &
1(
b110111001 5
#17720000
0(
#17740000
b110111010 !
1#
1%
b110111010 &
1(
b110111010 5
#17760000
0(
#17780000
b110111011 !
1#
1%
b110111011 &
1(
b110111011 5
#17800000
0(
#17820000
b110111100 !
1#
1%
b110111100 &
1(
b110111100 5
#17840000
0(
#17860000
b110111101 !
1#
1%
b110111101 &
1(
b110111101 5
#17880000
0(
#17900000
b110111110 !
1#
1%
b110111110 &
1(
b110111110 5
#17920000
0(
#17940000
b110111111 !
1#
1%
b110111111 &
1(
b110111111 5
#17960000
0(
#17980000
b111000000 !
1#
1%
b111000000 &
1(
b111000000 5
#18000000
0(
#18020000
b111000001 !
1#
1%
b111000001 &
1(
b111000001 5
#18040000
0(
#18060000
b111000010 !
1#
1%
b111000010 &
1(
b111000010 5
#18080000
0(
#18100000
b111000011 !
1#
1%
b111000011 &
1(
b111000011 5
#18120000
0(
#18140000
b111000100 !
1#
1%
b111000100 &
1(
b111000100 5
#18160000
0(
#18180000
b111000101 !
1#
1%
b111000101 &
1(
b111000101 5
#18200000
0(
#18220000
b111000110 !
1#
1%
b111000110 &
1(
b111000110 5
#18240000
0(
#18260000
b111000111 !
1#
1%
b111000111 &
1(
b111000111 5
#18280000
0(
#18300000
b111001000 !
1#
1%
b111001000 &
1(
b111001000 5
#18320000
0(
#18340000
b111001001 !
1#
1%
b111001001 &
1(
b111001001 5
#18360000
0(
#18380000
b111001010 !
1#
1%
b111001010 &
1(
b111001010 5
#18400000
0(
#18420000
b111001011 !
1#
1%
b111001011 &
1(
b111001011 5
#18440000
0(
#18460000
b111001100 !
1#
1%
b111001100 &
1(
b111001100 5
#18480000
0(
#18500000
b111001101 !
1#
1%
b111001101 &
1(
b111001101 5
#18520000
0(
#18540000
b111001110 !
1#
1%
b111001110 &
1(
b111001110 5
#18560000
0(
#18580000
b111001111 !
1#
1%
b111001111 &
1(
b111001111 5
#18600000
0(
#18620000
b111010000 !
1#
1%
b111010000 &
1(
b111010000 5
#18640000
0(
#18660000
b111010001 !
1#
1%
b111010001 &
1(
b111010001 5
#18680000
0(
#18700000
b111010010 !
1#
1%
b111010010 &
1(
b111010010 5
#18720000
0(
#18740000
b111010011 !
1#
1%
b111010011 &
1(
b111010011 5
#18760000
0(
#18780000
b111010100 !
1#
1%
b111010100 &
1(
b111010100 5
#18800000
0(
#18820000
b111010101 !
1#
1%
b111010101 &
1(
b111010101 5
#18840000
0(
#18860000
b111010110 !
1#
1%
b111010110 &
1(
b111010110 5
#18880000
0(
#18900000
b111010111 !
1#
1%
b111010111 &
1(
b111010111 5
#18920000
0(
#18940000
b111011000 !
1#
1%
b111011000 &
1(
b111011000 5
#18960000
0(
#18980000
b111011001 !
1#
1%
b111011001 &
1(
b111011001 5
#19000000
0(
#19020000
b111011010 !
1#
1%
b111011010 &
1(
b111011010 5
#19040000
0(
#19060000
b111011011 !
1#
1%
b111011011 &
1(
b111011011 5
#19080000
0(
#19100000
b111011100 !
1#
1%
b111011100 &
1(
b111011100 5
#19120000
0(
#19140000
b111011101 !
1#
1%
b111011101 &
1(
b111011101 5
#19160000
0(
#19180000
b111011110 !
1#
1%
b111011110 &
1(
b111011110 5
#19200000
0(
#19220000
b111011111 !
1#
1%
b111011111 &
1(
b111011111 5
#19240000
0(
#19260000
b111100000 !
1#
1%
b111100000 &
1(
b111100000 5
#19280000
0(
#19300000
b111100001 !
1#
1%
b111100001 &
1(
b111100001 5
#19320000
0(
#19340000
b111100010 !
1#
1%
b111100010 &
1(
b111100010 5
#19360000
0(
#19380000
b111100011 !
1#
1%
b111100011 &
1(
b111100011 5
#19400000
0(
#19420000
b111100100 !
1#
1%
b111100100 &
1(
b111100100 5
#19440000
0(
#19460000
b111100101 !
1#
1%
b111100101 &
1(
b111100101 5
#19480000
0(
#19500000
b111100110 !
1#
1%
b111100110 &
1(
b111100110 5
#19520000
0(
#19540000
b111100111 !
1#
1%
b111100111 &
1(
b111100111 5
#19560000
0(
#19580000
b111101000 !
1#
1%
b111101000 &
1(
b111101000 5
#19600000
0(
#19620000
b111101001 !
1#
1%
b111101001 &
1(
b111101001 5
#19640000
0(
#19660000
b111101010 !
1#
1%
b111101010 &
1(
b111101010 5
#19680000
0(
#19700000
b111101011 !
1#
1%
b111101011 &
1(
b111101011 5
#19720000
0(
#19740000
b111101100 !
1#
1%
b111101100 &
1(
b111101100 5
#19760000
0(
#19780000
b111101101 !
1#
1%
b111101101 &
1(
b111101101 5
#19800000
0(
#19820000
b111101110 !
1#
1%
b111101110 &
1(
b111101110 5
#19840000
0(
#19860000
b111101111 !
1#
1%
b111101111 &
1(
b111101111 5
#19880000
0(
#19900000
b111110000 !
1#
1%
b111110000 &
1(
b111110000 5
#19920000
0(
#19940000
b111110001 !
1#
1%
b111110001 &
1(
b111110001 5
#19960000
0(
#19980000
b111110010 !
1#
1%
b111110010 &
1(
b111110010 5
#20000000
0(
#20020000
b111110011 !
1#
1%
b111110011 &
1(
b111110011 5
#20040000
0(
#20060000
b111110100 !
1#
1%
b111110100 &
1(
b111110100 5
#20080000
0(
#20100000
b111110101 !
1#
1%
b111110101 &
1(
b111110101 5
#20120000
0(
#20140000
b111110110 !
1#
1%
b111110110 &
1(
b111110110 5
#20160000
0(
#20180000
b111110111 !
1#
1%
b111110111 &
1(
b111110111 5
#20200000
0(
#20220000
b111111000 !
1#
1%
b111111000 &
1(
b111111000 5
#20240000
0(
#20260000
b111111001 !
1#
1%
b111111001 &
1(
b111111001 5
#20280000
0(
#20300000
b111111010 !
1#
1%
b111111010 &
1(
b111111010 5
#20320000
0(
#20340000
b111111011 !
1#
1%
b111111011 &
1(
b111111011 5
#20360000
0(
#20380000
b111111100 !
1#
1%
b111111100 &
1(
b111111100 5
#20400000
0(
#20420000
b111111101 !
1#
1%
b111111101 &
1(
b111111101 5
#20440000
0(
#20460000
b111111110 !
1#
1%
b111111110 &
1(
b111111110 5
#20480000
0(
#20500000
b111111111 !
1#
1%
b111111111 &
1(
b111111111 5
#20520000
0(
#20540000
b1000000000 !
1#
1%
b1000000000 &
1(
b1000000000 5
#20560000
0(
#20580000
b1000000001 !
1#
1%
b1000000001 &
1(
b1000000001 5
#20600000
0(
#20620000
b1000000010 !
1#
1%
b1000000010 &
1(
b1000000010 5
#20640000
0(
#20660000
b1000000011 !
1#
1%
b1000000011 &
1(
b1000000011 5
#20680000
0(
#20700000
b1000000100 !
1#
1%
b1000000100 &
1(
b1000000100 5
#20720000
0(
#20740000
b1000000101 !
1#
1%
b1000000101 &
1(
b1000000101 5
#20760000
0(
#20780000
b1000000110 !
1#
1%
b1000000110 &
1(
b1000000110 5
#20800000
0(
#20820000
b1000000111 !
1#
1%
b1000000111 &
1(
b1000000111 5
#20840000
0(
#20860000
b1000001000 !
1#
1%
b1000001000 &
1(
b1000001000 5
#20880000
0(
#20900000
b1000001001 !
1#
1%
b1000001001 &
1(
b1000001001 5
#20920000
0(
#20940000
b1000001010 !
1#
1%
b1000001010 &
1(
b1000001010 5
#20960000
0(
#20980000
b1000001011 !
1#
1%
b1000001011 &
1(
b1000001011 5
#21000000
0(
#21020000
b1000001100 !
1#
1%
b1000001100 &
1(
b1000001100 5
#21040000
0(
#21060000
b1000001101 !
1#
1%
b1000001101 &
1(
b1000001101 5
#21080000
0(
#21100000
b1000001110 !
1#
1%
b1000001110 &
1(
b1000001110 5
#21120000
0(
#21140000
b1000001111 !
1#
1%
b1000001111 &
1(
b1000001111 5
#21160000
0(
#21180000
b1000010000 !
1#
1%
b1000010000 &
1(
b1000010000 5
#21200000
0(
#21220000
b1000010001 !
1#
1%
b1000010001 &
1(
b1000010001 5
#21240000
0(
#21260000
b1000010010 !
1#
1%
b1000010010 &
1(
b1000010010 5
#21280000
0(
#21300000
b1000010011 !
1#
1%
b1000010011 &
1(
b1000010011 5
#21320000
0(
#21340000
b1000010100 !
1#
1%
b1000010100 &
1(
b1000010100 5
#21360000
0(
#21380000
b1000010101 !
1#
1%
b1000010101 &
1(
b1000010101 5
#21400000
0(
#21420000
b1000010110 !
1#
1%
b1000010110 &
1(
b1000010110 5
#21440000
0(
#21460000
b1000010111 !
1#
1%
b1000010111 &
1(
b1000010111 5
#21480000
0(
#21500000
b1000011000 !
1#
1%
b1000011000 &
1(
b1000011000 5
#21520000
0(
#21540000
b1000011001 !
1#
1%
b1000011001 &
1(
b1000011001 5
#21560000
0(
#21580000
b1000011010 !
1#
1%
b1000011010 &
1(
b1000011010 5
#21600000
0(
#21620000
b1000011011 !
1#
1%
b1000011011 &
1(
b1000011011 5
#21640000
0(
#21660000
b1000011100 !
1#
1%
b1000011100 &
1(
b1000011100 5
#21680000
0(
#21700000
b1000011101 !
1#
1%
b1000011101 &
1(
b1000011101 5
#21720000
0(
#21740000
b1000011110 !
1#
1%
b1000011110 &
1(
b1000011110 5
#21760000
0(
#21780000
b1000011111 !
1#
1%
b1000011111 &
1(
b1000011111 5
#21800000
0(
#21820000
b1000100000 !
1#
1%
b1000100000 &
1(
b1000100000 5
#21840000
0(
#21860000
b1000100001 !
1#
1%
b1000100001 &
1(
b1000100001 5
#21880000
0(
#21900000
b1000100010 !
1#
1%
b1000100010 &
1(
b1000100010 5
#21920000
0(
#21940000
b1000100011 !
1#
1%
b1000100011 &
1(
b1000100011 5
#21960000
0(
#21980000
b1000100100 !
1#
1%
b1000100100 &
1(
b1000100100 5
#22000000
0(
#22020000
b1000100101 !
1#
1%
b1000100101 &
1(
b1000100101 5
#22040000
0(
#22060000
b1000100110 !
1#
1%
b1000100110 &
1(
b1000100110 5
#22080000
0(
#22100000
b1000100111 !
1#
1%
b1000100111 &
1(
b1000100111 5
#22120000
0(
#22140000
b1000101000 !
1#
1%
b1000101000 &
1(
b1000101000 5
#22160000
0(
#22180000
b1000101001 !
1#
1%
b1000101001 &
1(
b1000101001 5
#22200000
0(
#22220000
b1000101010 !
1#
1%
b1000101010 &
1(
b1000101010 5
#22240000
0(
#22260000
b1000101011 !
1#
1%
b1000101011 &
1(
b1000101011 5
#22280000
0(
#22300000
b1000101100 !
1#
1%
b1000101100 &
1(
b1000101100 5
#22320000
0(
#22340000
b1000101101 !
1#
1%
b1000101101 &
1(
b1000101101 5
#22360000
0(
#22380000
b1000101110 !
1#
1%
b1000101110 &
1(
b1000101110 5
#22400000
0(
#22420000
b1000101111 !
1#
1%
b1000101111 &
1(
b1000101111 5
#22440000
0(
#22460000
b1000110000 !
1#
1%
b1000110000 &
1(
b1000110000 5
#22480000
0(
#22500000
b1000110001 !
1#
1%
b1000110001 &
1(
b1000110001 5
#22520000
0(
#22540000
b1000110010 !
1#
1%
b1000110010 &
1(
b1000110010 5
#22560000
0(
#22580000
b1000110011 !
1#
1%
b1000110011 &
1(
b1000110011 5
#22600000
0(
#22620000
b1000110100 !
1#
1%
b1000110100 &
1(
b1000110100 5
#22640000
0(
#22660000
b1000110101 !
1#
1%
b1000110101 &
1(
b1000110101 5
#22680000
0(
#22700000
b1000110110 !
1#
1%
b1000110110 &
1(
b1000110110 5
#22720000
0(
#22740000
b1000110111 !
1#
1%
b1000110111 &
1(
b1000110111 5
#22760000
0(
#22780000
b1000111000 !
1#
1%
b1000111000 &
1(
b1000111000 5
#22800000
0(
#22820000
b1000111001 !
1#
1%
b1000111001 &
1(
b1000111001 5
#22840000
0(
#22860000
b1000111010 !
1#
1%
b1000111010 &
1(
b1000111010 5
#22880000
0(
#22900000
b1000111011 !
1#
1%
b1000111011 &
1(
b1000111011 5
#22920000
0(
#22940000
b1000111100 !
1#
1%
b1000111100 &
1(
b1000111100 5
#22960000
0(
#22980000
b1000111101 !
1#
1%
b1000111101 &
1(
b1000111101 5
#23000000
0(
#23020000
b1000111110 !
1#
1%
b1000111110 &
1(
b1000111110 5
#23040000
0(
#23060000
b1000111111 !
1#
1%
b1000111111 &
1(
b1000111111 5
#23080000
0(
#23100000
b1001000000 !
1#
1%
b1001000000 &
1(
b1001000000 5
#23120000
0(
#23140000
b1001000001 !
1#
1%
b1001000001 &
1(
b1001000001 5
#23160000
0(
#23180000
b1001000010 !
1#
1%
b1001000010 &
1(
b1001000010 5
#23200000
0(
#23220000
b1001000011 !
1#
1%
b1001000011 &
1(
b1001000011 5
#23240000
0(
#23260000
b1001000100 !
1#
1%
b1001000100 &
1(
b1001000100 5
#23280000
0(
#23300000
b1001000101 !
1#
1%
b1001000101 &
1(
b1001000101 5
#23320000
0(
#23340000
b1001000110 !
1#
1%
b1001000110 &
1(
b1001000110 5
#23360000
0(
#23380000
b1001000111 !
1#
1%
b1001000111 &
1(
b1001000111 5
#23400000
0(
#23420000
b1001001000 !
1#
1%
b1001001000 &
1(
b1001001000 5
#23440000
0(
#23460000
b1001001001 !
1#
1%
b1001001001 &
1(
b1001001001 5
#23480000
0(
#23500000
b1001001010 !
1#
1%
b1001001010 &
1(
b1001001010 5
#23520000
0(
#23540000
b1001001011 !
1#
1%
b1001001011 &
1(
b1001001011 5
#23560000
0(
#23580000
b1001001100 !
1#
1%
b1001001100 &
1(
b1001001100 5
#23600000
0(
#23620000
b1001001101 !
1#
1%
b1001001101 &
1(
b1001001101 5
#23640000
0(
#23660000
b1001001110 !
1#
1%
b1001001110 &
1(
b1001001110 5
#23680000
0(
#23700000
b1001001111 !
1#
1%
b1001001111 &
1(
b1001001111 5
#23720000
0(
#23740000
b1001010000 !
1#
1%
b1001010000 &
1(
b1001010000 5
#23760000
0(
#23780000
b1001010001 !
1#
1%
b1001010001 &
1(
b1001010001 5
#23800000
0(
#23820000
b1001010010 !
1#
1%
b1001010010 &
1(
b1001010010 5
#23840000
0(
#23860000
b1001010011 !
1#
1%
b1001010011 &
1(
b1001010011 5
#23880000
0(
#23900000
b1001010100 !
1#
1%
b1001010100 &
1(
b1001010100 5
#23920000
0(
#23940000
b1001010101 !
1#
1%
b1001010101 &
1(
b1001010101 5
#23960000
0(
#23980000
b1001010110 !
1#
1%
b1001010110 &
1(
b1001010110 5
#24000000
0(
#24020000
b1001010111 !
1#
1%
b1001010111 &
1(
b1001010111 5
#24040000
0(
#24060000
b1001011000 !
1#
1%
b1001011000 &
1(
b1001011000 5
#24080000
0(
#24100000
b1001011001 !
1#
1%
b1001011001 &
1(
b1001011001 5
#24120000
0(
#24140000
b1001011010 !
1#
1%
b1001011010 &
1(
b1001011010 5
#24160000
0(
#24180000
b1001011011 !
1#
1%
b1001011011 &
1(
b1001011011 5
#24200000
0(
#24220000
b1001011100 !
1#
1%
b1001011100 &
1(
b1001011100 5
#24240000
0(
#24260000
b1001011101 !
1#
1%
b1001011101 &
1(
b1001011101 5
#24280000
0(
#24300000
b1001011110 !
1#
1%
b1001011110 &
1(
b1001011110 5
#24320000
0(
#24340000
b1001011111 !
1#
1%
b1001011111 &
1(
b1001011111 5
#24360000
0(
#24380000
b1001100000 !
1#
1%
b1001100000 &
1(
b1001100000 5
#24400000
0(
#24420000
b1001100001 !
1#
1%
b1001100001 &
1(
b1001100001 5
#24440000
0(
#24460000
b1001100010 !
1#
1%
b1001100010 &
1(
b1001100010 5
#24480000
0(
#24500000
b1001100011 !
1#
1%
b1001100011 &
1(
b1001100011 5
#24520000
0(
#24540000
b1001100100 !
1#
1%
b1001100100 &
1(
b1001100100 5
#24560000
0(
#24580000
b1001100101 !
1#
1%
b1001100101 &
1(
b1001100101 5
#24600000
0(
#24620000
b1001100110 !
1#
1%
b1001100110 &
1(
b1001100110 5
#24640000
0(
#24660000
b1001100111 !
1#
1%
b1001100111 &
1(
b1001100111 5
#24680000
0(
#24700000
b1001101000 !
1#
1%
b1001101000 &
1(
b1001101000 5
#24720000
0(
#24740000
b1001101001 !
1#
1%
b1001101001 &
1(
b1001101001 5
#24760000
0(
#24780000
b1001101010 !
1#
1%
b1001101010 &
1(
b1001101010 5
#24800000
0(
#24820000
b1001101011 !
1#
1%
b1001101011 &
1(
b1001101011 5
#24840000
0(
#24860000
b1001101100 !
1#
1%
b1001101100 &
1(
b1001101100 5
#24880000
0(
#24900000
b1001101101 !
1#
1%
b1001101101 &
1(
b1001101101 5
#24920000
0(
#24940000
b1001101110 !
1#
1%
b1001101110 &
1(
b1001101110 5
#24960000
0(
#24980000
b1001101111 !
1#
1%
b1001101111 &
1(
b1001101111 5
#25000000
0(
#25020000
b1001110000 !
1#
1%
b1001110000 &
1(
b1001110000 5
#25040000
0(
#25060000
b1001110001 !
1#
1%
b1001110001 &
1(
b1001110001 5
#25080000
0(
#25100000
b1001110010 !
1#
1%
b1001110010 &
1(
b1001110010 5
#25120000
0(
#25140000
b1001110011 !
1#
1%
b1001110011 &
1(
b1001110011 5
#25160000
0(
#25180000
b1001110100 !
1#
1%
b1001110100 &
1(
b1001110100 5
#25200000
0(
#25220000
b1001110101 !
1#
1%
b1001110101 &
1(
b1001110101 5
#25240000
0(
#25260000
b1001110110 !
1#
1%
b1001110110 &
1(
b1001110110 5
#25280000
0(
#25300000
b1001110111 !
1#
1%
b1001110111 &
1(
b1001110111 5
#25320000
0(
#25340000
b1001111000 !
1#
1%
b1001111000 &
1(
b1001111000 5
#25360000
0(
#25380000
b1001111001 !
1#
1%
b1001111001 &
1(
b1001111001 5
#25400000
0(
#25420000
b1001111010 !
1#
1%
b1001111010 &
1(
b1001111010 5
#25440000
0(
#25460000
b1001111011 !
1#
1%
b1001111011 &
1(
b1001111011 5
#25480000
0(
#25500000
b1001111100 !
1#
1%
b1001111100 &
1(
b1001111100 5
#25520000
0(
#25540000
b1001111101 !
1#
1%
b1001111101 &
1(
b1001111101 5
#25560000
0(
#25580000
b1001111110 !
1#
1%
b1001111110 &
1(
b1001111110 5
#25600000
0(
#25620000
b1001111111 !
1#
1%
b1001111111 &
1(
b1001111111 5
#25640000
0(
#25660000
b1010000000 !
1#
0%
b1010000000 &
1(
b1010000000 5
#25680000
0(
#25700000
b1010000001 !
1#
0%
b1010000001 &
1(
b1010000001 5
#25720000
0(
#25740000
b1010000010 !
1#
0%
b1010000010 &
1(
b1010000010 5
#25760000
0(
#25780000
b1010000011 !
1#
0%
b1010000011 &
1(
b1010000011 5
#25800000
0(
#25820000
b1010000100 !
1#
0%
b1010000100 &
1(
b1010000100 5
#25840000
0(
#25860000
b1010000101 !
1#
0%
b1010000101 &
1(
b1010000101 5
#25880000
0(
#25900000
b1010000110 !
1#
0%
b1010000110 &
1(
b1010000110 5
#25920000
0(
#25940000
b1010000111 !
1#
0%
b1010000111 &
1(
b1010000111 5
#25960000
0(
#25980000
b1010001000 !
1#
0%
b1010001000 &
1(
b1010001000 5
#26000000
0(
#26020000
b1010001001 !
1#
0%
b1010001001 &
1(
b1010001001 5
#26040000
0(
#26060000
b1010001010 !
1#
0%
b1010001010 &
1(
b1010001010 5
#26080000
0(
#26100000
b1010001011 !
1#
0%
b1010001011 &
1(
b1010001011 5
#26120000
0(
#26140000
b1010001100 !
1#
0%
b1010001100 &
1(
b1010001100 5
#26160000
0(
#26180000
b1010001101 !
1#
0%
b1010001101 &
1(
b1010001101 5
#26200000
0(
#26220000
b1010001110 !
1#
0%
b1010001110 &
1(
b1010001110 5
#26240000
0(
#26260000
b1010001111 !
1#
0%
b1010001111 &
1(
b1010001111 5
#26280000
0(
#26300000
b1010010000 !
0#
0%
b1010010000 &
1(
b1010010000 5
#26320000
0(
#26340000
b1010010001 !
0#
0%
b1010010001 &
1(
b1010010001 5
#26360000
0(
#26380000
b1010010010 !
0#
0%
b1010010010 &
1(
b1010010010 5
#26400000
0(
#26420000
b1010010011 !
0#
0%
b1010010011 &
1(
b1010010011 5
#26440000
0(
#26460000
b1010010100 !
0#
0%
b1010010100 &
1(
b1010010100 5
#26480000
0(
#26500000
b1010010101 !
0#
0%
b1010010101 &
1(
b1010010101 5
#26520000
0(
#26540000
b1010010110 !
0#
0%
b1010010110 &
1(
b1010010110 5
#26560000
0(
#26580000
b1010010111 !
0#
0%
b1010010111 &
1(
b1010010111 5
#26600000
0(
#26620000
b1010011000 !
0#
0%
b1010011000 &
1(
b1010011000 5
#26640000
0(
#26660000
b1010011001 !
0#
0%
b1010011001 &
1(
b1010011001 5
#26680000
0(
#26700000
b1010011010 !
0#
0%
b1010011010 &
1(
b1010011010 5
#26720000
0(
#26740000
b1010011011 !
0#
0%
b1010011011 &
1(
b1010011011 5
#26760000
0(
#26780000
b1010011100 !
0#
0%
b1010011100 &
1(
b1010011100 5
#26800000
0(
#26820000
b1010011101 !
0#
0%
b1010011101 &
1(
b1010011101 5
#26840000
0(
#26860000
b1010011110 !
0#
0%
b1010011110 &
1(
b1010011110 5
#26880000
0(
#26900000
b1010011111 !
0#
0%
b1010011111 &
1(
b1010011111 5
#26920000
0(
#26940000
b1010100000 !
0#
0%
b1010100000 &
1(
b1010100000 5
#26960000
0(
#26980000
b1010100001 !
0#
0%
b1010100001 &
1(
b1010100001 5
#27000000
0(
#27020000
b1010100010 !
0#
0%
b1010100010 &
1(
b1010100010 5
#27040000
0(
#27060000
b1010100011 !
0#
0%
b1010100011 &
1(
b1010100011 5
#27080000
0(
#27100000
b1010100100 !
0#
0%
b1010100100 &
1(
b1010100100 5
#27120000
0(
#27140000
b1010100101 !
0#
0%
b1010100101 &
1(
b1010100101 5
#27160000
0(
#27180000
b1010100110 !
0#
0%
b1010100110 &
1(
b1010100110 5
#27200000
0(
#27220000
b1010100111 !
0#
0%
b1010100111 &
1(
b1010100111 5
#27240000
0(
#27260000
b1010101000 !
0#
0%
b1010101000 &
1(
b1010101000 5
#27280000
0(
#27300000
b1010101001 !
0#
0%
b1010101001 &
1(
b1010101001 5
#27320000
0(
#27340000
b1010101010 !
0#
0%
b1010101010 &
1(
b1010101010 5
#27360000
0(
#27380000
b1010101011 !
0#
0%
b1010101011 &
1(
b1010101011 5
#27400000
0(
#27420000
b1010101100 !
0#
0%
b1010101100 &
1(
b1010101100 5
#27440000
0(
#27460000
b1010101101 !
0#
0%
b1010101101 &
1(
b1010101101 5
#27480000
0(
#27500000
b1010101110 !
0#
0%
b1010101110 &
1(
b1010101110 5
#27520000
0(
#27540000
b1010101111 !
0#
0%
b1010101111 &
1(
b1010101111 5
#27560000
0(
#27580000
b1010110000 !
0#
0%
b1010110000 &
1(
b1010110000 5
#27600000
0(
#27620000
b1010110001 !
0#
0%
b1010110001 &
1(
b1010110001 5
#27640000
0(
#27660000
b1010110010 !
0#
0%
b1010110010 &
1(
b1010110010 5
#27680000
0(
#27700000
b1010110011 !
0#
0%
b1010110011 &
1(
b1010110011 5
#27720000
0(
#27740000
b1010110100 !
0#
0%
b1010110100 &
1(
b1010110100 5
#27760000
0(
#27780000
b1010110101 !
0#
0%
b1010110101 &
1(
b1010110101 5
#27800000
0(
#27820000
b1010110110 !
0#
0%
b1010110110 &
1(
b1010110110 5
#27840000
0(
#27860000
b1010110111 !
0#
0%
b1010110111 &
1(
b1010110111 5
#27880000
0(
#27900000
b1010111000 !
0#
0%
b1010111000 &
1(
b1010111000 5
#27920000
0(
#27940000
b1010111001 !
0#
0%
b1010111001 &
1(
b1010111001 5
#27960000
0(
#27980000
b1010111010 !
0#
0%
b1010111010 &
1(
b1010111010 5
#28000000
0(
#28020000
b1010111011 !
0#
0%
b1010111011 &
1(
b1010111011 5
#28040000
0(
#28060000
b1010111100 !
0#
0%
b1010111100 &
1(
b1010111100 5
#28080000
0(
#28100000
b1010111101 !
0#
0%
b1010111101 &
1(
b1010111101 5
#28120000
0(
#28140000
b1010111110 !
0#
0%
b1010111110 &
1(
b1010111110 5
#28160000
0(
#28180000
b1010111111 !
0#
0%
b1010111111 &
1(
b1010111111 5
#28200000
0(
#28220000
b1011000000 !
0#
0%
b1011000000 &
1(
b1011000000 5
#28240000
0(
#28260000
b1011000001 !
0#
0%
b1011000001 &
1(
b1011000001 5
#28280000
0(
#28300000
b1011000010 !
0#
0%
b1011000010 &
1(
b1011000010 5
#28320000
0(
#28340000
b1011000011 !
0#
0%
b1011000011 &
1(
b1011000011 5
#28360000
0(
#28380000
b1011000100 !
0#
0%
b1011000100 &
1(
b1011000100 5
#28400000
0(
#28420000
b1011000101 !
0#
0%
b1011000101 &
1(
b1011000101 5
#28440000
0(
#28460000
b1011000110 !
0#
0%
b1011000110 &
1(
b1011000110 5
#28480000
0(
#28500000
b1011000111 !
0#
0%
b1011000111 &
1(
b1011000111 5
#28520000
0(
#28540000
b1011001000 !
0#
0%
b1011001000 &
1(
b1011001000 5
#28560000
0(
#28580000
b1011001001 !
0#
0%
b1011001001 &
1(
b1011001001 5
#28600000
0(
#28620000
b1011001010 !
0#
0%
b1011001010 &
1(
b1011001010 5
#28640000
0(
#28660000
b1011001011 !
0#
0%
b1011001011 &
1(
b1011001011 5
#28680000
0(
#28700000
b1011001100 !
0#
0%
b1011001100 &
1(
b1011001100 5
#28720000
0(
#28740000
b1011001101 !
0#
0%
b1011001101 &
1(
b1011001101 5
#28760000
0(
#28780000
b1011001110 !
0#
0%
b1011001110 &
1(
b1011001110 5
#28800000
0(
#28820000
b1011001111 !
0#
0%
b1011001111 &
1(
b1011001111 5
#28840000
0(
#28860000
b1011010000 !
0#
0%
b1011010000 &
1(
b1011010000 5
#28880000
0(
#28900000
b1011010001 !
0#
0%
b1011010001 &
1(
b1011010001 5
#28920000
0(
#28940000
b1011010010 !
0#
0%
b1011010010 &
1(
b1011010010 5
#28960000
0(
#28980000
b1011010011 !
0#
0%
b1011010011 &
1(
b1011010011 5
#29000000
0(
#29020000
b1011010100 !
0#
0%
b1011010100 &
1(
b1011010100 5
#29040000
0(
#29060000
b1011010101 !
0#
0%
b1011010101 &
1(
b1011010101 5
#29080000
0(
#29100000
b1011010110 !
0#
0%
b1011010110 &
1(
b1011010110 5
#29120000
0(
#29140000
b1011010111 !
0#
0%
b1011010111 &
1(
b1011010111 5
#29160000
0(
#29180000
b1011011000 !
0#
0%
b1011011000 &
1(
b1011011000 5
#29200000
0(
#29220000
b1011011001 !
0#
0%
b1011011001 &
1(
b1011011001 5
#29240000
0(
#29260000
b1011011010 !
0#
0%
b1011011010 &
1(
b1011011010 5
#29280000
0(
#29300000
b1011011011 !
0#
0%
b1011011011 &
1(
b1011011011 5
#29320000
0(
#29340000
b1011011100 !
0#
0%
b1011011100 &
1(
b1011011100 5
#29360000
0(
#29380000
b1011011101 !
0#
0%
b1011011101 &
1(
b1011011101 5
#29400000
0(
#29420000
b1011011110 !
0#
0%
b1011011110 &
1(
b1011011110 5
#29440000
0(
#29460000
b1011011111 !
0#
0%
b1011011111 &
1(
b1011011111 5
#29480000
0(
#29500000
b1011100000 !
0#
0%
b1011100000 &
1(
b1011100000 5
#29520000
0(
#29540000
b1011100001 !
0#
0%
b1011100001 &
1(
b1011100001 5
#29560000
0(
#29580000
b1011100010 !
0#
0%
b1011100010 &
1(
b1011100010 5
#29600000
0(
#29620000
b1011100011 !
0#
0%
b1011100011 &
1(
b1011100011 5
#29640000
0(
#29660000
b1011100100 !
0#
0%
b1011100100 &
1(
b1011100100 5
#29680000
0(
#29700000
b1011100101 !
0#
0%
b1011100101 &
1(
b1011100101 5
#29720000
0(
#29740000
b1011100110 !
0#
0%
b1011100110 &
1(
b1011100110 5
#29760000
0(
#29780000
b1011100111 !
0#
0%
b1011100111 &
1(
b1011100111 5
#29800000
0(
#29820000
b1011101000 !
0#
0%
b1011101000 &
1(
b1011101000 5
#29840000
0(
#29860000
b1011101001 !
0#
0%
b1011101001 &
1(
b1011101001 5
#29880000
0(
#29900000
b1011101010 !
0#
0%
b1011101010 &
1(
b1011101010 5
#29920000
0(
#29940000
b1011101011 !
0#
0%
b1011101011 &
1(
b1011101011 5
#29960000
0(
#29980000
b1011101100 !
0#
0%
b1011101100 &
1(
b1011101100 5
#30000000
0(
#30020000
b1011101101 !
0#
0%
b1011101101 &
1(
b1011101101 5
#30040000
0(
#30060000
b1011101110 !
0#
0%
b1011101110 &
1(
b1011101110 5
#30080000
0(
#30100000
b1011101111 !
0#
0%
b1011101111 &
1(
b1011101111 5
#30120000
0(
#30140000
b1011110000 !
1#
0%
b1011110000 &
1(
b1011110000 5
#30160000
0(
#30180000
b1011110001 !
1#
0%
b1011110001 &
1(
b1011110001 5
#30200000
0(
#30220000
b1011110010 !
1#
0%
b1011110010 &
1(
b1011110010 5
#30240000
0(
#30260000
b1011110011 !
1#
0%
b1011110011 &
1(
b1011110011 5
#30280000
0(
#30300000
b1011110100 !
1#
0%
b1011110100 &
1(
b1011110100 5
#30320000
0(
#30340000
b1011110101 !
1#
0%
b1011110101 &
1(
b1011110101 5
#30360000
0(
#30380000
b1011110110 !
1#
0%
b1011110110 &
1(
b1011110110 5
#30400000
0(
#30420000
b1011110111 !
1#
0%
b1011110111 &
1(
b1011110111 5
#30440000
0(
#30460000
b1011111000 !
1#
0%
b1011111000 &
1(
b1011111000 5
#30480000
0(
#30500000
b1011111001 !
1#
0%
b1011111001 &
1(
b1011111001 5
#30520000
0(
#30540000
b1011111010 !
1#
0%
b1011111010 &
1(
b1011111010 5
#30560000
0(
#30580000
b1011111011 !
1#
0%
b1011111011 &
1(
b1011111011 5
#30600000
0(
#30620000
b1011111100 !
1#
0%
b1011111100 &
1(
b1011111100 5
#30640000
0(
#30660000
b1011111101 !
1#
0%
b1011111101 &
1(
b1011111101 5
#30680000
0(
#30700000
b1011111110 !
1#
0%
b1011111110 &
1(
b1011111110 5
#30720000
0(
#30740000
b1011111111 !
1#
0%
b1011111111 &
1(
b1011111111 5
#30760000
0(
#30780000
b1100000000 !
1#
0%
b1100000000 &
1(
b1100000000 5
#30800000
0(
#30820000
b1100000001 !
1#
0%
b1100000001 &
1(
b1100000001 5
#30840000
0(
#30860000
b1100000010 !
1#
0%
b1100000010 &
1(
b1100000010 5
#30880000
0(
#30900000
b1100000011 !
1#
0%
b1100000011 &
1(
b1100000011 5
#30920000
0(
#30940000
b1100000100 !
1#
0%
b1100000100 &
1(
b1100000100 5
#30960000
0(
#30980000
b1100000101 !
1#
0%
b1100000101 &
1(
b1100000101 5
#31000000
0(
#31020000
b1100000110 !
1#
0%
b1100000110 &
1(
b1100000110 5
#31040000
0(
#31060000
b1100000111 !
1#
0%
b1100000111 &
1(
b1100000111 5
#31080000
0(
#31100000
b1100001000 !
1#
0%
b1100001000 &
1(
b1100001000 5
#31120000
0(
#31140000
b1100001001 !
1#
0%
b1100001001 &
1(
b1100001001 5
#31160000
0(
#31180000
b1100001010 !
1#
0%
b1100001010 &
1(
b1100001010 5
#31200000
0(
#31220000
b1100001011 !
1#
0%
b1100001011 &
1(
b1100001011 5
#31240000
0(
#31260000
b1100001100 !
1#
0%
b1100001100 &
1(
b1100001100 5
#31280000
0(
#31300000
b1100001101 !
1#
0%
b1100001101 &
1(
b1100001101 5
#31320000
0(
#31340000
b1100001110 !
1#
0%
b1100001110 &
1(
b1100001110 5
#31360000
0(
#31380000
b1100001111 !
1#
0%
b1100001111 &
1(
b1100001111 5
#31400000
0(
#31420000
b1100010000 !
1#
0%
b1100010000 &
1(
b1100010000 5
#31440000
0(
#31460000
b1100010001 !
1#
0%
b1100010001 &
1(
b1100010001 5
#31480000
0(
#31500000
b1100010010 !
1#
0%
b1100010010 &
1(
b1100010010 5
#31520000
0(
#31540000
b1100010011 !
1#
0%
b1100010011 &
1(
b1100010011 5
#31560000
0(
#31580000
b1100010100 !
1#
0%
b1100010100 &
1(
b1100010100 5
#31600000
0(
#31620000
b1100010101 !
1#
0%
b1100010101 &
1(
b1100010101 5
#31640000
0(
#31660000
b1100010110 !
1#
0%
b1100010110 &
1(
b1100010110 5
#31680000
0(
#31700000
b1100010111 !
1#
0%
b1100010111 &
1(
b1100010111 5
#31720000
0(
#31740000
b1100011000 !
1#
0%
b1100011000 &
1(
b1100011000 5
#31760000
0(
#31780000
b1100011001 !
1#
0%
b1100011001 &
1(
b1100011001 5
#31800000
0(
#31820000
b1100011010 !
1#
0%
b1100011010 &
1(
b1100011010 5
#31840000
0(
#31860000
b1100011011 !
1#
0%
b1100011011 &
1(
b1100011011 5
#31880000
0(
#31900000
b1100011100 !
1#
0%
b1100011100 &
1(
b1100011100 5
#31920000
0(
#31940000
b1100011101 !
1#
0%
b1100011101 &
1(
b1100011101 5
#31960000
0(
#31980000
b1100011110 !
1#
0%
b1100011110 &
1(
b1100011110 5
#32000000
0(
#32020000
b1100011111 !
1#
0%
b1100011111 &
1(
b1100011111 5
#32040000
0(
#32060000
b0 !
b1 "
1#
1$
1%
b0 &
b1 '
1(
b0 5
b1 6
#32080000
0(
#32100000
b1 !
1#
1%
b1 &
1(
b1 5
#32120000
0(
#32140000
b10 !
1#
1%
b10 &
1(
b10 5
#32160000
0(
#32180000
b11 !
1#
1%
b11 &
1(
b11 5
#32200000
0(
#32220000
b100 !
1#
1%
b100 &
1(
b100 5
#32240000
0(
#32260000
b101 !
1#
1%
b101 &
1(
b101 5
#32280000
0(
#32300000
b110 !
1#
1%
b110 &
1(
b110 5
#32320000
0(
#32340000
b111 !
1#
1%
b111 &
1(
b111 5
#32360000
0(
#32380000
b1000 !
1#
1%
b1000 &
1(
b1000 5
#32400000
0(
#32420000
b1001 !
1#
1%
b1001 &
1(
b1001 5
#32440000
0(
#32460000
b1010 !
1#
1%
b1010 &
1(
b1010 5
#32480000
0(
#32500000
b1011 !
1#
1%
b1011 &
1(
b1011 5
#32520000
0(
#32540000
b1100 !
1#
1%
b1100 &
1(
b1100 5
#32560000
0(
#32580000
b1101 !
1#
1%
b1101 &
1(
b1101 5
#32600000
0(
#32620000
b1110 !
1#
1%
b1110 &
1(
b1110 5
#32640000
0(
#32660000
b1111 !
1#
1%
b1111 &
1(
b1111 5
#32680000
0(
#32700000
b10000 !
1#
1%
b10000 &
1(
b10000 5
#32720000
0(
#32740000
b10001 !
1#
1%
b10001 &
1(
b10001 5
#32760000
0(
#32780000
b10010 !
1#
1%
b10010 &
1(
b10010 5
#32800000
0(
#32820000
b10011 !
1#
1%
b10011 &
1(
b10011 5
#32840000
0(
#32860000
b10100 !
1#
1%
b10100 &
1(
b10100 5
#32880000
0(
#32900000
b10101 !
1#
1%
b10101 &
1(
b10101 5
#32920000
0(
#32940000
b10110 !
1#
1%
b10110 &
1(
b10110 5
#32960000
0(
#32980000
b10111 !
1#
1%
b10111 &
1(
b10111 5
#33000000
0(
#33020000
b11000 !
1#
1%
b11000 &
1(
b11000 5
#33040000
0(
#33060000
b11001 !
1#
1%
b11001 &
1(
b11001 5
#33080000
0(
#33100000
b11010 !
1#
1%
b11010 &
1(
b11010 5
#33120000
0(
#33140000
b11011 !
1#
1%
b11011 &
1(
b11011 5
#33160000
0(
#33180000
b11100 !
1#
1%
b11100 &
1(
b11100 5
#33200000
0(
#33220000
b11101 !
1#
1%
b11101 &
1(
b11101 5
#33240000
0(
#33260000
b11110 !
1#
1%
b11110 &
1(
b11110 5
#33280000
0(
#33300000
b11111 !
1#
1%
b11111 &
1(
b11111 5
#33320000
0(
#33340000
b100000 !
1#
1%
b100000 &
1(
b100000 5
#33360000
0(
#33380000
b100001 !
1#
1%
b100001 &
1(
b100001 5
#33400000
0(
#33420000
b100010 !
1#
1%
b100010 &
1(
b100010 5
#33440000
0(
#33460000
b100011 !
1#
1%
b100011 &
1(
b100011 5
#33480000
0(
#33500000
b100100 !
1#
1%
b100100 &
1(
b100100 5
#33520000
0(
#33540000
b100101 !
1#
1%
b100101 &
1(
b100101 5
#33560000
0(
#33580000
b100110 !
1#
1%
b100110 &
1(
b100110 5
#33600000
0(
#33620000
b100111 !
1#
1%
b100111 &
1(
b100111 5
#33640000
0(
#33660000
b101000 !
1#
1%
b101000 &
1(
b101000 5
#33680000
0(
#33700000
b101001 !
1#
1%
b101001 &
1(
b101001 5
#33720000
0(
#33740000
b101010 !
1#
1%
b101010 &
1(
b101010 5
#33760000
0(
#33780000
b101011 !
1#
1%
b101011 &
1(
b101011 5
#33800000
0(
#33820000
b101100 !
1#
1%
b101100 &
1(
b101100 5
#33840000
0(
#33860000
b101101 !
1#
1%
b101101 &
1(
b101101 5
#33880000
0(
#33900000
b101110 !
1#
1%
b101110 &
1(
b101110 5
#33920000
0(
#33940000
b101111 !
1#
1%
b101111 &
1(
b101111 5
#33960000
0(
#33980000
b110000 !
1#
1%
b110000 &
1(
b110000 5
#34000000
0(
#34020000
b110001 !
1#
1%
b110001 &
1(
b110001 5
#34040000
0(
#34060000
b110010 !
1#
1%
b110010 &
1(
b110010 5
#34080000
0(
#34100000
b110011 !
1#
1%
b110011 &
1(
b110011 5
#34120000
0(
#34140000
b110100 !
1#
1%
b110100 &
1(
b110100 5
#34160000
0(
#34180000
b110101 !
1#
1%
b110101 &
1(
b110101 5
#34200000
0(
#34220000
b110110 !
1#
1%
b110110 &
1(
b110110 5
#34240000
0(
#34260000
b110111 !
1#
1%
b110111 &
1(
b110111 5
#34280000
0(
#34300000
b111000 !
1#
1%
b111000 &
1(
b111000 5
#34320000
0(
#34340000
b111001 !
1#
1%
b111001 &
1(
b111001 5
#34360000
0(
#34380000
b111010 !
1#
1%
b111010 &
1(
b111010 5
#34400000
0(
#34420000
b111011 !
1#
1%
b111011 &
1(
b111011 5
#34440000
0(
#34460000
b111100 !
1#
1%
b111100 &
1(
b111100 5
#34480000
0(
#34500000
b111101 !
1#
1%
b111101 &
1(
b111101 5
#34520000
0(
#34540000
b111110 !
1#
1%
b111110 &
1(
b111110 5
#34560000
0(
#34580000
b111111 !
1#
1%
b111111 &
1(
b111111 5
#34600000
0(
#34620000
b1000000 !
1#
1%
b1000000 &
1(
b1000000 5
#34640000
0(
#34660000
b1000001 !
1#
1%
b1000001 &
1(
b1000001 5
#34680000
0(
#34700000
b1000010 !
1#
1%
b1000010 &
1(
b1000010 5
#34720000
0(
#34740000
b1000011 !
1#
1%
b1000011 &
1(
b1000011 5
#34760000
0(
#34780000
b1000100 !
1#
1%
b1000100 &
1(
b1000100 5
#34800000
0(
#34820000
b1000101 !
1#
1%
b1000101 &
1(
b1000101 5
#34840000
0(
#34860000
b1000110 !
1#
1%
b1000110 &
1(
b1000110 5
#34880000
0(
#34900000
b1000111 !
1#
1%
b1000111 &
1(
b1000111 5
#34920000
0(
#34940000
b1001000 !
1#
1%
b1001000 &
1(
b1001000 5
#34960000
0(
#34980000
b1001001 !
1#
1%
b1001001 &
1(
b1001001 5
#35000000
0(
#35020000
b1001010 !
1#
1%
b1001010 &
1(
b1001010 5
#35040000
0(
#35060000
b1001011 !
1#
1%
b1001011 &
1(
b1001011 5
#35080000
0(
#35100000
b1001100 !
1#
1%
b1001100 &
1(
b1001100 5
#35120000
0(
#35140000
b1001101 !
1#
1%
b1001101 &
1(
b1001101 5
#35160000
0(
#35180000
b1001110 !
1#
1%
b1001110 &
1(
b1001110 5
#35200000
0(
#35220000
b1001111 !
1#
1%
b1001111 &
1(
b1001111 5
#35240000
0(
#35260000
b1010000 !
1#
1%
b1010000 &
1(
b1010000 5
#35280000
0(
#35300000
b1010001 !
1#
1%
b1010001 &
1(
b1010001 5
#35320000
0(
#35340000
b1010010 !
1#
1%
b1010010 &
1(
b1010010 5
#35360000
0(
#35380000
b1010011 !
1#
1%
b1010011 &
1(
b1010011 5
#35400000
0(
#35420000
b1010100 !
1#
1%
b1010100 &
1(
b1010100 5
#35440000
0(
#35460000
b1010101 !
1#
1%
b1010101 &
1(
b1010101 5
#35480000
0(
#35500000
b1010110 !
1#
1%
b1010110 &
1(
b1010110 5
#35520000
0(
#35540000
b1010111 !
1#
1%
b1010111 &
1(
b1010111 5
#35560000
0(
#35580000
b1011000 !
1#
1%
b1011000 &
1(
b1011000 5
#35600000
0(
#35620000
b1011001 !
1#
1%
b1011001 &
1(
b1011001 5
#35640000
0(
#35660000
b1011010 !
1#
1%
b1011010 &
1(
b1011010 5
#35680000
0(
#35700000
b1011011 !
1#
1%
b1011011 &
1(
b1011011 5
#35720000
0(
#35740000
b1011100 !
1#
1%
b1011100 &
1(
b1011100 5
#35760000
0(
#35780000
b1011101 !
1#
1%
b1011101 &
1(
b1011101 5
#35800000
0(
#35820000
b1011110 !
1#
1%
b1011110 &
1(
b1011110 5
#35840000
0(
#35860000
b1011111 !
1#
1%
b1011111 &
1(
b1011111 5
#35880000
0(
#35900000
b1100000 !
1#
1%
b1100000 &
1(
b1100000 5
#35920000
0(
#35940000
b1100001 !
1#
1%
b1100001 &
1(
b1100001 5
#35960000
0(
#35980000
b1100010 !
1#
1%
b1100010 &
1(
b1100010 5
#36000000
0(
#36020000
b1100011 !
1#
1%
b1100011 &
1(
b1100011 5
#36040000
0(
#36060000
b1100100 !
1#
1%
b1100100 &
1(
b1100100 5
#36080000
0(
#36100000
b1100101 !
1#
1%
b1100101 &
1(
b1100101 5
#36120000
0(
#36140000
b1100110 !
1#
1%
b1100110 &
1(
b1100110 5
#36160000
0(
#36180000
b1100111 !
1#
1%
b1100111 &
1(
b1100111 5
#36200000
0(
#36220000
b1101000 !
1#
1%
b1101000 &
1(
b1101000 5
#36240000
0(
#36260000
b1101001 !
1#
1%
b1101001 &
1(
b1101001 5
#36280000
0(
#36300000
b1101010 !
1#
1%
b1101010 &
1(
b1101010 5
#36320000
0(
#36340000
b1101011 !
1#
1%
b1101011 &
1(
b1101011 5
#36360000
0(
#36380000
b1101100 !
1#
1%
b1101100 &
1(
b1101100 5
#36400000
0(
#36420000
b1101101 !
1#
1%
b1101101 &
1(
b1101101 5
#36440000
0(
#36460000
b1101110 !
1#
1%
b1101110 &
1(
b1101110 5
#36480000
0(
#36500000
b1101111 !
1#
1%
b1101111 &
1(
b1101111 5
#36520000
0(
#36540000
b1110000 !
1#
1%
b1110000 &
1(
b1110000 5
#36560000
0(
#36580000
b1110001 !
1#
1%
b1110001 &
1(
b1110001 5
#36600000
0(
#36620000
b1110010 !
1#
1%
b1110010 &
1(
b1110010 5
#36640000
0(
#36660000
b1110011 !
1#
1%
b1110011 &
1(
b1110011 5
#36680000
0(
#36700000
b1110100 !
1#
1%
b1110100 &
1(
b1110100 5
#36720000
0(
#36740000
b1110101 !
1#
1%
b1110101 &
1(
b1110101 5
#36760000
0(
#36780000
b1110110 !
1#
1%
b1110110 &
1(
b1110110 5
#36800000
0(
#36820000
b1110111 !
1#
1%
b1110111 &
1(
b1110111 5
#36840000
0(
#36860000
b1111000 !
1#
1%
b1111000 &
1(
b1111000 5
#36880000
0(
#36900000
b1111001 !
1#
1%
b1111001 &
1(
b1111001 5
#36920000
0(
#36940000
b1111010 !
1#
1%
b1111010 &
1(
b1111010 5
#36960000
0(
#36980000
b1111011 !
1#
1%
b1111011 &
1(
b1111011 5
#37000000
0(
#37020000
b1111100 !
1#
1%
b1111100 &
1(
b1111100 5
#37040000
0(
#37060000
b1111101 !
1#
1%
b1111101 &
1(
b1111101 5
#37080000
0(
#37100000
b1111110 !
1#
1%
b1111110 &
1(
b1111110 5
#37120000
0(
#37140000
b1111111 !
1#
1%
b1111111 &
1(
b1111111 5
#37160000
0(
#37180000
b10000000 !
1#
1%
b10000000 &
1(
b10000000 5
#37200000
0(
#37220000
b10000001 !
1#
1%
b10000001 &
1(
b10000001 5
#37240000
0(
#37260000
b10000010 !
1#
1%
b10000010 &
1(
b10000010 5
#37280000
0(
#37300000
b10000011 !
1#
1%
b10000011 &
1(
b10000011 5
#37320000
0(
#37340000
b10000100 !
1#
1%
b10000100 &
1(
b10000100 5
#37360000
0(
#37380000
b10000101 !
1#
1%
b10000101 &
1(
b10000101 5
#37400000
0(
#37420000
b10000110 !
1#
1%
b10000110 &
1(
b10000110 5
#37440000
0(
#37460000
b10000111 !
1#
1%
b10000111 &
1(
b10000111 5
#37480000
0(
#37500000
b10001000 !
1#
1%
b10001000 &
1(
b10001000 5
#37520000
0(
#37540000
b10001001 !
1#
1%
b10001001 &
1(
b10001001 5
#37560000
0(
#37580000
b10001010 !
1#
1%
b10001010 &
1(
b10001010 5
#37600000
0(
#37620000
b10001011 !
1#
1%
b10001011 &
1(
b10001011 5
#37640000
0(
#37660000
b10001100 !
1#
1%
b10001100 &
1(
b10001100 5
#37680000
0(
#37700000
b10001101 !
1#
1%
b10001101 &
1(
b10001101 5
#37720000
0(
#37740000
b10001110 !
1#
1%
b10001110 &
1(
b10001110 5
#37760000
0(
#37780000
b10001111 !
1#
1%
b10001111 &
1(
b10001111 5
#37800000
0(
#37820000
b10010000 !
1#
1%
b10010000 &
1(
b10010000 5
#37840000
0(
#37860000
b10010001 !
1#
1%
b10010001 &
1(
b10010001 5
#37880000
0(
#37900000
b10010010 !
1#
1%
b10010010 &
1(
b10010010 5
#37920000
0(
#37940000
b10010011 !
1#
1%
b10010011 &
1(
b10010011 5
#37960000
0(
#37980000
b10010100 !
1#
1%
b10010100 &
1(
b10010100 5
#38000000
0(
#38020000
b10010101 !
1#
1%
b10010101 &
1(
b10010101 5
#38040000
0(
#38060000
b10010110 !
1#
1%
b10010110 &
1(
b10010110 5
#38080000
0(
#38100000
b10010111 !
1#
1%
b10010111 &
1(
b10010111 5
#38120000
0(
#38140000
b10011000 !
1#
1%
b10011000 &
1(
b10011000 5
#38160000
0(
#38180000
b10011001 !
1#
1%
b10011001 &
1(
b10011001 5
#38200000
0(
#38220000
b10011010 !
1#
1%
b10011010 &
1(
b10011010 5
#38240000
0(
#38260000
b10011011 !
1#
1%
b10011011 &
1(
b10011011 5
#38280000
0(
#38300000
b10011100 !
1#
1%
b10011100 &
1(
b10011100 5
#38320000
0(
#38340000
b10011101 !
1#
1%
b10011101 &
1(
b10011101 5
#38360000
0(
#38380000
b10011110 !
1#
1%
b10011110 &
1(
b10011110 5
#38400000
0(
#38420000
b10011111 !
1#
1%
b10011111 &
1(
b10011111 5
#38440000
0(
#38460000
b10100000 !
1#
1%
b10100000 &
1(
b10100000 5
#38480000
0(
#38500000
b10100001 !
1#
1%
b10100001 &
1(
b10100001 5
#38520000
0(
#38540000
b10100010 !
1#
1%
b10100010 &
1(
b10100010 5
#38560000
0(
#38580000
b10100011 !
1#
1%
b10100011 &
1(
b10100011 5
#38600000
0(
#38620000
b10100100 !
1#
1%
b10100100 &
1(
b10100100 5
#38640000
0(
#38660000
b10100101 !
1#
1%
b10100101 &
1(
b10100101 5
#38680000
0(
#38700000
b10100110 !
1#
1%
b10100110 &
1(
b10100110 5
#38720000
0(
#38740000
b10100111 !
1#
1%
b10100111 &
1(
b10100111 5
#38760000
0(
#38780000
b10101000 !
1#
1%
b10101000 &
1(
b10101000 5
#38800000
0(
#38820000
b10101001 !
1#
1%
b10101001 &
1(
b10101001 5
#38840000
0(
#38860000
b10101010 !
1#
1%
b10101010 &
1(
b10101010 5
#38880000
0(
#38900000
b10101011 !
1#
1%
b10101011 &
1(
b10101011 5
#38920000
0(
#38940000
b10101100 !
1#
1%
b10101100 &
1(
b10101100 5
#38960000
0(
#38980000
b10101101 !
1#
1%
b10101101 &
1(
b10101101 5
#39000000
0(
#39020000
b10101110 !
1#
1%
b10101110 &
1(
b10101110 5
#39040000
0(
#39060000
b10101111 !
1#
1%
b10101111 &
1(
b10101111 5
#39080000
0(
#39100000
b10110000 !
1#
1%
b10110000 &
1(
b10110000 5
#39120000
0(
#39140000
b10110001 !
1#
1%
b10110001 &
1(
b10110001 5
#39160000
0(
#39180000
b10110010 !
1#
1%
b10110010 &
1(
b10110010 5
#39200000
0(
#39220000
b10110011 !
1#
1%
b10110011 &
1(
b10110011 5
#39240000
0(
#39260000
b10110100 !
1#
1%
b10110100 &
1(
b10110100 5
#39280000
0(
#39300000
b10110101 !
1#
1%
b10110101 &
1(
b10110101 5
#39320000
0(
#39340000
b10110110 !
1#
1%
b10110110 &
1(
b10110110 5
#39360000
0(
#39380000
b10110111 !
1#
1%
b10110111 &
1(
b10110111 5
#39400000
0(
#39420000
b10111000 !
1#
1%
b10111000 &
1(
b10111000 5
#39440000
0(
#39460000
b10111001 !
1#
1%
b10111001 &
1(
b10111001 5
#39480000
0(
#39500000
b10111010 !
1#
1%
b10111010 &
1(
b10111010 5
#39520000
0(
#39540000
b10111011 !
1#
1%
b10111011 &
1(
b10111011 5
#39560000
0(
#39580000
b10111100 !
1#
1%
b10111100 &
1(
b10111100 5
#39600000
0(
#39620000
b10111101 !
1#
1%
b10111101 &
1(
b10111101 5
#39640000
0(
#39660000
b10111110 !
1#
1%
b10111110 &
1(
b10111110 5
#39680000
0(
#39700000
b10111111 !
1#
1%
b10111111 &
1(
b10111111 5
#39720000
0(
#39740000
b11000000 !
1#
1%
b11000000 &
1(
b11000000 5
#39760000
0(
#39780000
b11000001 !
1#
1%
b11000001 &
1(
b11000001 5
#39800000
0(
#39820000
b11000010 !
1#
1%
b11000010 &
1(
b11000010 5
#39840000
0(
#39860000
b11000011 !
1#
1%
b11000011 &
1(
b11000011 5
#39880000
0(
#39900000
b11000100 !
1#
1%
b11000100 &
1(
b11000100 5
#39920000
0(
#39940000
b11000101 !
1#
1%
b11000101 &
1(
b11000101 5
#39960000
0(
#39980000
b11000110 !
1#
1%
b11000110 &
1(
b11000110 5
#40000000
0(
#40020000
b11000111 !
1#
1%
b11000111 &
1(
b11000111 5
#40040000
0(
#40060000
b11001000 !
1#
1%
b11001000 &
1(
b11001000 5
#40080000
0(
#40100000
b11001001 !
1#
1%
b11001001 &
1(
b11001001 5
#40120000
0(
#40140000
b11001010 !
1#
1%
b11001010 &
1(
b11001010 5
#40160000
0(
#40180000
b11001011 !
1#
1%
b11001011 &
1(
b11001011 5
#40200000
0(
#40220000
b11001100 !
1#
1%
b11001100 &
1(
b11001100 5
#40240000
0(
#40260000
b11001101 !
1#
1%
b11001101 &
1(
b11001101 5
#40280000
0(
#40300000
b11001110 !
1#
1%
b11001110 &
1(
b11001110 5
#40320000
0(
#40340000
b11001111 !
1#
1%
b11001111 &
1(
b11001111 5
#40360000
0(
#40380000
b11010000 !
1#
1%
b11010000 &
1(
b11010000 5
#40400000
0(
#40420000
b11010001 !
1#
1%
b11010001 &
1(
b11010001 5
#40440000
0(
#40460000
b11010010 !
1#
1%
b11010010 &
1(
b11010010 5
#40480000
0(
#40500000
b11010011 !
1#
1%
b11010011 &
1(
b11010011 5
#40520000
0(
#40540000
b11010100 !
1#
1%
b11010100 &
1(
b11010100 5
#40560000
0(
#40580000
b11010101 !
1#
1%
b11010101 &
1(
b11010101 5
#40600000
0(
#40620000
b11010110 !
1#
1%
b11010110 &
1(
b11010110 5
#40640000
0(
#40660000
b11010111 !
1#
1%
b11010111 &
1(
b11010111 5
#40680000
0(
#40700000
b11011000 !
1#
1%
b11011000 &
1(
b11011000 5
#40720000
0(
#40740000
b11011001 !
1#
1%
b11011001 &
1(
b11011001 5
#40760000
0(
#40780000
b11011010 !
1#
1%
b11011010 &
1(
b11011010 5
#40800000
0(
#40820000
b11011011 !
1#
1%
b11011011 &
1(
b11011011 5
#40840000
0(
#40860000
b11011100 !
1#
1%
b11011100 &
1(
b11011100 5
#40880000
0(
#40900000
b11011101 !
1#
1%
b11011101 &
1(
b11011101 5
#40920000
0(
#40940000
b11011110 !
1#
1%
b11011110 &
1(
b11011110 5
#40960000
0(
#40980000
b11011111 !
1#
1%
b11011111 &
1(
b11011111 5
#41000000
0(
#41020000
b11100000 !
1#
1%
b11100000 &
1(
b11100000 5
#41040000
0(
#41060000
b11100001 !
1#
1%
b11100001 &
1(
b11100001 5
#41080000
0(
#41100000
b11100010 !
1#
1%
b11100010 &
1(
b11100010 5
#41120000
0(
#41140000
b11100011 !
1#
1%
b11100011 &
1(
b11100011 5
#41160000
0(
#41180000
b11100100 !
1#
1%
b11100100 &
1(
b11100100 5
#41200000
0(
#41220000
b11100101 !
1#
1%
b11100101 &
1(
b11100101 5
#41240000
0(
#41260000
b11100110 !
1#
1%
b11100110 &
1(
b11100110 5
#41280000
0(
#41300000
b11100111 !
1#
1%
b11100111 &
1(
b11100111 5
#41320000
0(
#41340000
b11101000 !
1#
1%
b11101000 &
1(
b11101000 5
#41360000
0(
#41380000
b11101001 !
1#
1%
b11101001 &
1(
b11101001 5
#41400000
0(
#41420000
b11101010 !
1#
1%
b11101010 &
1(
b11101010 5
#41440000
0(
#41460000
b11101011 !
1#
1%
b11101011 &
1(
b11101011 5
#41480000
0(
#41500000
b11101100 !
1#
1%
b11101100 &
1(
b11101100 5
#41520000
0(
#41540000
b11101101 !
1#
1%
b11101101 &
1(
b11101101 5
#41560000
0(
#41580000
b11101110 !
1#
1%
b11101110 &
1(
b11101110 5
#41600000
0(
#41620000
b11101111 !
1#
1%
b11101111 &
1(
b11101111 5
#41640000
0(
#41660000
b11110000 !
1#
1%
b11110000 &
1(
b11110000 5
#41680000
0(
#41700000
b11110001 !
1#
1%
b11110001 &
1(
b11110001 5
#41720000
0(
#41740000
b11110010 !
1#
1%
b11110010 &
1(
b11110010 5
#41760000
0(
#41780000
b11110011 !
1#
1%
b11110011 &
1(
b11110011 5
#41800000
0(
#41820000
b11110100 !
1#
1%
b11110100 &
1(
b11110100 5
#41840000
0(
#41860000
b11110101 !
1#
1%
b11110101 &
1(
b11110101 5
#41880000
0(
#41900000
b11110110 !
1#
1%
b11110110 &
1(
b11110110 5
#41920000
0(
#41940000
b11110111 !
1#
1%
b11110111 &
1(
b11110111 5
#41960000
0(
#41980000
b11111000 !
1#
1%
b11111000 &
1(
b11111000 5
#42000000
0(
#42020000
b11111001 !
1#
1%
b11111001 &
1(
b11111001 5
#42040000
0(
#42060000
b11111010 !
1#
1%
b11111010 &
1(
b11111010 5
#42080000
0(
#42100000
b11111011 !
1#
1%
b11111011 &
1(
b11111011 5
#42120000
0(
#42140000
b11111100 !
1#
1%
b11111100 &
1(
b11111100 5
#42160000
0(
#42180000
b11111101 !
1#
1%
b11111101 &
1(
b11111101 5
#42200000
0(
#42220000
b11111110 !
1#
1%
b11111110 &
1(
b11111110 5
#42240000
0(
#42260000
b11111111 !
1#
1%
b11111111 &
1(
b11111111 5
#42280000
0(
#42300000
b100000000 !
1#
1%
b100000000 &
1(
b100000000 5
#42320000
0(
#42340000
b100000001 !
1#
1%
b100000001 &
1(
b100000001 5
#42360000
0(
#42380000
b100000010 !
1#
1%
b100000010 &
1(
b100000010 5
#42400000
0(
#42420000
b100000011 !
1#
1%
b100000011 &
1(
b100000011 5
#42440000
0(
#42460000
b100000100 !
1#
1%
b100000100 &
1(
b100000100 5
#42480000
0(
#42500000
b100000101 !
1#
1%
b100000101 &
1(
b100000101 5
#42520000
0(
#42540000
b100000110 !
1#
1%
b100000110 &
1(
b100000110 5
#42560000
0(
#42580000
b100000111 !
1#
1%
b100000111 &
1(
b100000111 5
#42600000
0(
#42620000
b100001000 !
1#
1%
b100001000 &
1(
b100001000 5
#42640000
0(
#42660000
b100001001 !
1#
1%
b100001001 &
1(
b100001001 5
#42680000
0(
#42700000
b100001010 !
1#
1%
b100001010 &
1(
b100001010 5
#42720000
0(
#42740000
b100001011 !
1#
1%
b100001011 &
1(
b100001011 5
#42760000
0(
#42780000
b100001100 !
1#
1%
b100001100 &
1(
b100001100 5
#42800000
0(
#42820000
b100001101 !
1#
1%
b100001101 &
1(
b100001101 5
#42840000
0(
#42860000
b100001110 !
1#
1%
b100001110 &
1(
b100001110 5
#42880000
0(
#42900000
b100001111 !
1#
1%
b100001111 &
1(
b100001111 5
#42920000
0(
#42940000
b100010000 !
1#
1%
b100010000 &
1(
b100010000 5
#42960000
0(
#42980000
b100010001 !
1#
1%
b100010001 &
1(
b100010001 5
#43000000
0(
#43020000
b100010010 !
1#
1%
b100010010 &
1(
b100010010 5
#43040000
0(
#43060000
b100010011 !
1#
1%
b100010011 &
1(
b100010011 5
#43080000
0(
#43100000
b100010100 !
1#
1%
b100010100 &
1(
b100010100 5
#43120000
0(
#43140000
b100010101 !
1#
1%
b100010101 &
1(
b100010101 5
#43160000
0(
#43180000
b100010110 !
1#
1%
b100010110 &
1(
b100010110 5
#43200000
0(
#43220000
b100010111 !
1#
1%
b100010111 &
1(
b100010111 5
#43240000
0(
#43260000
b100011000 !
1#
1%
b100011000 &
1(
b100011000 5
#43280000
0(
#43300000
b100011001 !
1#
1%
b100011001 &
1(
b100011001 5
#43320000
0(
#43340000
b100011010 !
1#
1%
b100011010 &
1(
b100011010 5
#43360000
0(
#43380000
b100011011 !
1#
1%
b100011011 &
1(
b100011011 5
#43400000
0(
#43420000
b100011100 !
1#
1%
b100011100 &
1(
b100011100 5
#43440000
0(
#43460000
b100011101 !
1#
1%
b100011101 &
1(
b100011101 5
#43480000
0(
#43500000
b100011110 !
1#
1%
b100011110 &
1(
b100011110 5
#43520000
0(
#43540000
b100011111 !
1#
1%
b100011111 &
1(
b100011111 5
#43560000
0(
#43580000
b100100000 !
1#
1%
b100100000 &
1(
b100100000 5
#43600000
0(
#43620000
b100100001 !
1#
1%
b100100001 &
1(
b100100001 5
#43640000
0(
#43660000
b100100010 !
1#
1%
b100100010 &
1(
b100100010 5
#43680000
0(
#43700000
b100100011 !
1#
1%
b100100011 &
1(
b100100011 5
#43720000
0(
#43740000
b100100100 !
1#
1%
b100100100 &
1(
b100100100 5
#43760000
0(
#43780000
b100100101 !
1#
1%
b100100101 &
1(
b100100101 5
#43800000
0(
#43820000
b100100110 !
1#
1%
b100100110 &
1(
b100100110 5
#43840000
0(
#43860000
b100100111 !
1#
1%
b100100111 &
1(
b100100111 5
#43880000
0(
#43900000
b100101000 !
1#
1%
b100101000 &
1(
b100101000 5
#43920000
0(
#43940000
b100101001 !
1#
1%
b100101001 &
1(
b100101001 5
#43960000
0(
#43980000
b100101010 !
1#
1%
b100101010 &
1(
b100101010 5
#44000000
0(
#44020000
b100101011 !
1#
1%
b100101011 &
1(
b100101011 5
#44040000
0(
#44060000
b100101100 !
1#
1%
b100101100 &
1(
b100101100 5
#44080000
0(
#44100000
b100101101 !
1#
1%
b100101101 &
1(
b100101101 5
#44120000
0(
#44140000
b100101110 !
1#
1%
b100101110 &
1(
b100101110 5
#44160000
0(
#44180000
b100101111 !
1#
1%
b100101111 &
1(
b100101111 5
#44200000
0(
#44220000
b100110000 !
1#
1%
b100110000 &
1(
b100110000 5
#44240000
0(
#44260000
b100110001 !
1#
1%
b100110001 &
1(
b100110001 5
#44280000
0(
#44300000
b100110010 !
1#
1%
b100110010 &
1(
b100110010 5
#44320000
0(
#44340000
b100110011 !
1#
1%
b100110011 &
1(
b100110011 5
#44360000
0(
#44380000
b100110100 !
1#
1%
b100110100 &
1(
b100110100 5
#44400000
0(
#44420000
b100110101 !
1#
1%
b100110101 &
1(
b100110101 5
#44440000
0(
#44460000
b100110110 !
1#
1%
b100110110 &
1(
b100110110 5
#44480000
0(
#44500000
b100110111 !
1#
1%
b100110111 &
1(
b100110111 5
#44520000
0(
#44540000
b100111000 !
1#
1%
b100111000 &
1(
b100111000 5
#44560000
0(
#44580000
b100111001 !
1#
1%
b100111001 &
1(
b100111001 5
#44600000
0(
#44620000
b100111010 !
1#
1%
b100111010 &
1(
b100111010 5
#44640000
0(
#44660000
b100111011 !
1#
1%
b100111011 &
1(
b100111011 5
#44680000
0(
#44700000
b100111100 !
1#
1%
b100111100 &
1(
b100111100 5
#44720000
0(
#44740000
b100111101 !
1#
1%
b100111101 &
1(
b100111101 5
#44760000
0(
#44780000
b100111110 !
1#
1%
b100111110 &
1(
b100111110 5
#44800000
0(
#44820000
b100111111 !
1#
1%
b100111111 &
1(
b100111111 5
#44840000
0(
#44860000
b101000000 !
1#
1%
b101000000 &
1(
b101000000 5
#44880000
0(
#44900000
b101000001 !
1#
1%
b101000001 &
1(
b101000001 5
#44920000
0(
#44940000
b101000010 !
1#
1%
b101000010 &
1(
b101000010 5
#44960000
0(
#44980000
b101000011 !
1#
1%
b101000011 &
1(
b101000011 5
#45000000
0(
#45020000
b101000100 !
1#
1%
b101000100 &
1(
b101000100 5
#45040000
0(
#45060000
b101000101 !
1#
1%
b101000101 &
1(
b101000101 5
#45080000
0(
#45100000
b101000110 !
1#
1%
b101000110 &
1(
b101000110 5
#45120000
0(
#45140000
b101000111 !
1#
1%
b101000111 &
1(
b101000111 5
#45160000
0(
#45180000
b101001000 !
1#
1%
b101001000 &
1(
b101001000 5
#45200000
0(
#45220000
b101001001 !
1#
1%
b101001001 &
1(
b101001001 5
#45240000
0(
#45260000
b101001010 !
1#
1%
b101001010 &
1(
b101001010 5
#45280000
0(
#45300000
b101001011 !
1#
1%
b101001011 &
1(
b101001011 5
#45320000
0(
#45340000
b101001100 !
1#
1%
b101001100 &
1(
b101001100 5
#45360000
0(
#45380000
b101001101 !
1#
1%
b101001101 &
1(
b101001101 5
#45400000
0(
#45420000
b101001110 !
1#
1%
b101001110 &
1(
b101001110 5
#45440000
0(
#45460000
b101001111 !
1#
1%
b101001111 &
1(
b101001111 5
#45480000
0(
#45500000
b101010000 !
1#
1%
b101010000 &
1(
b101010000 5
#45520000
0(
#45540000
b101010001 !
1#
1%
b101010001 &
1(
b101010001 5
#45560000
0(
#45580000
b101010010 !
1#
1%
b101010010 &
1(
b101010010 5
#45600000
0(
#45620000
b101010011 !
1#
1%
b101010011 &
1(
b101010011 5
#45640000
0(
#45660000
b101010100 !
1#
1%
b101010100 &
1(
b101010100 5
#45680000
0(
#45700000
b101010101 !
1#
1%
b101010101 &
1(
b101010101 5
#45720000
0(
#45740000
b101010110 !
1#
1%
b101010110 &
1(
b101010110 5
#45760000
0(
#45780000
b101010111 !
1#
1%
b101010111 &
1(
b101010111 5
#45800000
0(
#45820000
b101011000 !
1#
1%
b101011000 &
1(
b101011000 5
#45840000
0(
#45860000
b101011001 !
1#
1%
b101011001 &
1(
b101011001 5
#45880000
0(
#45900000
b101011010 !
1#
1%
b101011010 &
1(
b101011010 5
#45920000
0(
#45940000
b101011011 !
1#
1%
b101011011 &
1(
b101011011 5
#45960000
0(
#45980000
b101011100 !
1#
1%
b101011100 &
1(
b101011100 5
#46000000
0(
#46020000
b101011101 !
1#
1%
b101011101 &
1(
b101011101 5
#46040000
0(
#46060000
b101011110 !
1#
1%
b101011110 &
1(
b101011110 5
#46080000
0(
#46100000
b101011111 !
1#
1%
b101011111 &
1(
b101011111 5
#46120000
0(
#46140000
b101100000 !
1#
1%
b101100000 &
1(
b101100000 5
#46160000
0(
#46180000
b101100001 !
1#
1%
b101100001 &
1(
b101100001 5
#46200000
0(
#46220000
b101100010 !
1#
1%
b101100010 &
1(
b101100010 5
#46240000
0(
#46260000
b101100011 !
1#
1%
b101100011 &
1(
b101100011 5
#46280000
0(
#46300000
b101100100 !
1#
1%
b101100100 &
1(
b101100100 5
#46320000
0(
#46340000
b101100101 !
1#
1%
b101100101 &
1(
b101100101 5
#46360000
0(
#46380000
b101100110 !
1#
1%
b101100110 &
1(
b101100110 5
#46400000
0(
#46420000
b101100111 !
1#
1%
b101100111 &
1(
b101100111 5
#46440000
0(
#46460000
b101101000 !
1#
1%
b101101000 &
1(
b101101000 5
#46480000
0(
#46500000
b101101001 !
1#
1%
b101101001 &
1(
b101101001 5
#46520000
0(
#46540000
b101101010 !
1#
1%
b101101010 &
1(
b101101010 5
#46560000
0(
#46580000
b101101011 !
1#
1%
b101101011 &
1(
b101101011 5
#46600000
0(
#46620000
b101101100 !
1#
1%
b101101100 &
1(
b101101100 5
#46640000
0(
#46660000
b101101101 !
1#
1%
b101101101 &
1(
b101101101 5
#46680000
0(
#46700000
b101101110 !
1#
1%
b101101110 &
1(
b101101110 5
#46720000
0(
#46740000
b101101111 !
1#
1%
b101101111 &
1(
b101101111 5
#46760000
0(
#46780000
b101110000 !
1#
1%
b101110000 &
1(
b101110000 5
#46800000
0(
#46820000
b101110001 !
1#
1%
b101110001 &
1(
b101110001 5
#46840000
0(
#46860000
b101110010 !
1#
1%
b101110010 &
1(
b101110010 5
#46880000
0(
#46900000
b101110011 !
1#
1%
b101110011 &
1(
b101110011 5
#46920000
0(
#46940000
b101110100 !
1#
1%
b101110100 &
1(
b101110100 5
#46960000
0(
#46980000
b101110101 !
1#
1%
b101110101 &
1(
b101110101 5
#47000000
0(
#47020000
b101110110 !
1#
1%
b101110110 &
1(
b101110110 5
#47040000
0(
#47060000
b101110111 !
1#
1%
b101110111 &
1(
b101110111 5
#47080000
0(
#47100000
b101111000 !
1#
1%
b101111000 &
1(
b101111000 5
#47120000
0(
#47140000
b101111001 !
1#
1%
b101111001 &
1(
b101111001 5
#47160000
0(
#47180000
b101111010 !
1#
1%
b101111010 &
1(
b101111010 5
#47200000
0(
#47220000
b101111011 !
1#
1%
b101111011 &
1(
b101111011 5
#47240000
0(
#47260000
b101111100 !
1#
1%
b101111100 &
1(
b101111100 5
#47280000
0(
#47300000
b101111101 !
1#
1%
b101111101 &
1(
b101111101 5
#47320000
0(
#47340000
b101111110 !
1#
1%
b101111110 &
1(
b101111110 5
#47360000
0(
#47380000
b101111111 !
1#
1%
b101111111 &
1(
b101111111 5
#47400000
0(
#47420000
b110000000 !
1#
1%
b110000000 &
1(
b110000000 5
#47440000
0(
#47460000
b110000001 !
1#
1%
b110000001 &
1(
b110000001 5
#47480000
0(
#47500000
b110000010 !
1#
1%
b110000010 &
1(
b110000010 5
#47520000
0(
#47540000
b110000011 !
1#
1%
b110000011 &
1(
b110000011 5
#47560000
0(
#47580000
b110000100 !
1#
1%
b110000100 &
1(
b110000100 5
#47600000
0(
#47620000
b110000101 !
1#
1%
b110000101 &
1(
b110000101 5
#47640000
0(
#47660000
b110000110 !
1#
1%
b110000110 &
1(
b110000110 5
#47680000
0(
#47700000
b110000111 !
1#
1%
b110000111 &
1(
b110000111 5
#47720000
0(
#47740000
b110001000 !
1#
1%
b110001000 &
1(
b110001000 5
#47760000
0(
#47780000
b110001001 !
1#
1%
b110001001 &
1(
b110001001 5
#47800000
0(
#47820000
b110001010 !
1#
1%
b110001010 &
1(
b110001010 5
#47840000
0(
#47860000
b110001011 !
1#
1%
b110001011 &
1(
b110001011 5
#47880000
0(
#47900000
b110001100 !
1#
1%
b110001100 &
1(
b110001100 5
#47920000
0(
#47940000
b110001101 !
1#
1%
b110001101 &
1(
b110001101 5
#47960000
0(
#47980000
b110001110 !
1#
1%
b110001110 &
1(
b110001110 5
#48000000
0(
#48020000
b110001111 !
1#
1%
b110001111 &
1(
b110001111 5
#48040000
0(
#48060000
b110010000 !
1#
1%
b110010000 &
1(
b110010000 5
#48080000
0(
#48100000
b110010001 !
1#
1%
b110010001 &
1(
b110010001 5
#48120000
0(
#48140000
b110010010 !
1#
1%
b110010010 &
1(
b110010010 5
#48160000
0(
#48180000
b110010011 !
1#
1%
b110010011 &
1(
b110010011 5
#48200000
0(
#48220000
b110010100 !
1#
1%
b110010100 &
1(
b110010100 5
#48240000
0(
#48260000
b110010101 !
1#
1%
b110010101 &
1(
b110010101 5
#48280000
0(
#48300000
b110010110 !
1#
1%
b110010110 &
1(
b110010110 5
#48320000
0(
#48340000
b110010111 !
1#
1%
b110010111 &
1(
b110010111 5
#48360000
0(
#48380000
b110011000 !
1#
1%
b110011000 &
1(
b110011000 5
#48400000
0(
#48420000
b110011001 !
1#
1%
b110011001 &
1(
b110011001 5
#48440000
0(
#48460000
b110011010 !
1#
1%
b110011010 &
1(
b110011010 5
#48480000
0(
#48500000
b110011011 !
1#
1%
b110011011 &
1(
b110011011 5
#48520000
0(
#48540000
b110011100 !
1#
1%
b110011100 &
1(
b110011100 5
#48560000
0(
#48580000
b110011101 !
1#
1%
b110011101 &
1(
b110011101 5
#48600000
0(
#48620000
b110011110 !
1#
1%
b110011110 &
1(
b110011110 5
#48640000
0(
#48660000
b110011111 !
1#
1%
b110011111 &
1(
b110011111 5
#48680000
0(
#48700000
b110100000 !
1#
1%
b110100000 &
1(
b110100000 5
#48720000
0(
#48740000
b110100001 !
1#
1%
b110100001 &
1(
b110100001 5
#48760000
0(
#48780000
b110100010 !
1#
1%
b110100010 &
1(
b110100010 5
#48800000
0(
#48820000
b110100011 !
1#
1%
b110100011 &
1(
b110100011 5
#48840000
0(
#48860000
b110100100 !
1#
1%
b110100100 &
1(
b110100100 5
#48880000
0(
#48900000
b110100101 !
1#
1%
b110100101 &
1(
b110100101 5
#48920000
0(
#48940000
b110100110 !
1#
1%
b110100110 &
1(
b110100110 5
#48960000
0(
#48980000
b110100111 !
1#
1%
b110100111 &
1(
b110100111 5
#49000000
0(
#49020000
b110101000 !
1#
1%
b110101000 &
1(
b110101000 5
#49040000
0(
#49060000
b110101001 !
1#
1%
b110101001 &
1(
b110101001 5
#49080000
0(
#49100000
b110101010 !
1#
1%
b110101010 &
1(
b110101010 5
#49120000
0(
#49140000
b110101011 !
1#
1%
b110101011 &
1(
b110101011 5
#49160000
0(
#49180000
b110101100 !
1#
1%
b110101100 &
1(
b110101100 5
#49200000
0(
#49220000
b110101101 !
1#
1%
b110101101 &
1(
b110101101 5
#49240000
0(
#49260000
b110101110 !
1#
1%
b110101110 &
1(
b110101110 5
#49280000
0(
#49300000
b110101111 !
1#
1%
b110101111 &
1(
b110101111 5
#49320000
0(
#49340000
b110110000 !
1#
1%
b110110000 &
1(
b110110000 5
#49360000
0(
#49380000
b110110001 !
1#
1%
b110110001 &
1(
b110110001 5
#49400000
0(
#49420000
b110110010 !
1#
1%
b110110010 &
1(
b110110010 5
#49440000
0(
#49460000
b110110011 !
1#
1%
b110110011 &
1(
b110110011 5
#49480000
0(
#49500000
b110110100 !
1#
1%
b110110100 &
1(
b110110100 5
#49520000
0(
#49540000
b110110101 !
1#
1%
b110110101 &
1(
b110110101 5
#49560000
0(
#49580000
b110110110 !
1#
1%
b110110110 &
1(
b110110110 5
#49600000
0(
#49620000
b110110111 !
1#
1%
b110110111 &
1(
b110110111 5
#49640000
0(
#49660000
b110111000 !
1#
1%
b110111000 &
1(
b110111000 5
#49680000
0(
#49700000
b110111001 !
1#
1%
b110111001 &
1(
b110111001 5
#49720000
0(
#49740000
b110111010 !
1#
1%
b110111010 &
1(
b110111010 5
#49760000
0(
#49780000
b110111011 !
1#
1%
b110111011 &
1(
b110111011 5
#49800000
0(
#49820000
b110111100 !
1#
1%
b110111100 &
1(
b110111100 5
#49840000
0(
#49860000
b110111101 !
1#
1%
b110111101 &
1(
b110111101 5
#49880000
0(
#49900000
b110111110 !
1#
1%
b110111110 &
1(
b110111110 5
#49920000
0(
#49940000
b110111111 !
1#
1%
b110111111 &
1(
b110111111 5
#49960000
0(
#49980000
b111000000 !
1#
1%
b111000000 &
1(
b111000000 5
#50000000
0(
#50020000
b111000001 !
1#
1%
b111000001 &
1(
b111000001 5
#50040000
0(
#50060000
b111000010 !
1#
1%
b111000010 &
1(
b111000010 5
#50080000
0(
#50100000
b111000011 !
1#
1%
b111000011 &
1(
b111000011 5
#50120000
0(
#50140000
b111000100 !
1#
1%
b111000100 &
1(
b111000100 5
#50160000
0(
#50180000
b111000101 !
1#
1%
b111000101 &
1(
b111000101 5
#50200000
0(
#50220000
b111000110 !
1#
1%
b111000110 &
1(
b111000110 5
#50240000
0(
#50260000
b111000111 !
1#
1%
b111000111 &
1(
b111000111 5
#50280000
0(
#50300000
b111001000 !
1#
1%
b111001000 &
1(
b111001000 5
#50320000
0(
#50340000
b111001001 !
1#
1%
b111001001 &
1(
b111001001 5
#50360000
0(
#50380000
b111001010 !
1#
1%
b111001010 &
1(
b111001010 5
#50400000
0(
#50420000
b111001011 !
1#
1%
b111001011 &
1(
b111001011 5
#50440000
0(
#50460000
b111001100 !
1#
1%
b111001100 &
1(
b111001100 5
#50480000
0(
#50500000
b111001101 !
1#
1%
b111001101 &
1(
b111001101 5
#50520000
0(
#50540000
b111001110 !
1#
1%
b111001110 &
1(
b111001110 5
#50560000
0(
#50580000
b111001111 !
1#
1%
b111001111 &
1(
b111001111 5
#50600000
0(
#50620000
b111010000 !
1#
1%
b111010000 &
1(
b111010000 5
#50640000
0(
#50660000
b111010001 !
1#
1%
b111010001 &
1(
b111010001 5
#50680000
0(
#50700000
b111010010 !
1#
1%
b111010010 &
1(
b111010010 5
#50720000
0(
#50740000
b111010011 !
1#
1%
b111010011 &
1(
b111010011 5
#50760000
0(
#50780000
b111010100 !
1#
1%
b111010100 &
1(
b111010100 5
#50800000
0(
#50820000
b111010101 !
1#
1%
b111010101 &
1(
b111010101 5
#50840000
0(
#50860000
b111010110 !
1#
1%
b111010110 &
1(
b111010110 5
#50880000
0(
#50900000
b111010111 !
1#
1%
b111010111 &
1(
b111010111 5
#50920000
0(
#50940000
b111011000 !
1#
1%
b111011000 &
1(
b111011000 5
#50960000
0(
#50980000
b111011001 !
1#
1%
b111011001 &
1(
b111011001 5
#51000000
0(
#51020000
b111011010 !
1#
1%
b111011010 &
1(
b111011010 5
#51040000
0(
#51060000
b111011011 !
1#
1%
b111011011 &
1(
b111011011 5
#51080000
0(
#51100000
b111011100 !
1#
1%
b111011100 &
1(
b111011100 5
#51120000
0(
#51140000
b111011101 !
1#
1%
b111011101 &
1(
b111011101 5
#51160000
0(
#51180000
b111011110 !
1#
1%
b111011110 &
1(
b111011110 5
#51200000
0(
#51220000
b111011111 !
1#
1%
b111011111 &
1(
b111011111 5
#51240000
0(
#51260000
b111100000 !
1#
1%
b111100000 &
1(
b111100000 5
#51280000
0(
#51300000
b111100001 !
1#
1%
b111100001 &
1(
b111100001 5
#51320000
0(
#51340000
b111100010 !
1#
1%
b111100010 &
1(
b111100010 5
#51360000
0(
#51380000
b111100011 !
1#
1%
b111100011 &
1(
b111100011 5
#51400000
0(
#51420000
b111100100 !
1#
1%
b111100100 &
1(
b111100100 5
#51440000
0(
#51460000
b111100101 !
1#
1%
b111100101 &
1(
b111100101 5
#51480000
0(
#51500000
b111100110 !
1#
1%
b111100110 &
1(
b111100110 5
#51520000
0(
#51540000
b111100111 !
1#
1%
b111100111 &
1(
b111100111 5
#51560000
0(
#51580000
b111101000 !
1#
1%
b111101000 &
1(
b111101000 5
#51600000
0(
#51620000
b111101001 !
1#
1%
b111101001 &
1(
b111101001 5
#51640000
0(
#51660000
b111101010 !
1#
1%
b111101010 &
1(
b111101010 5
#51680000
0(
#51700000
b111101011 !
1#
1%
b111101011 &
1(
b111101011 5
#51720000
0(
#51740000
b111101100 !
1#
1%
b111101100 &
1(
b111101100 5
#51760000
0(
#51780000
b111101101 !
1#
1%
b111101101 &
1(
b111101101 5
#51800000
0(
#51820000
b111101110 !
1#
1%
b111101110 &
1(
b111101110 5
#51840000
0(
#51860000
b111101111 !
1#
1%
b111101111 &
1(
b111101111 5
#51880000
0(
#51900000
b111110000 !
1#
1%
b111110000 &
1(
b111110000 5
#51920000
0(
#51940000
b111110001 !
1#
1%
b111110001 &
1(
b111110001 5
#51960000
0(
#51980000
b111110010 !
1#
1%
b111110010 &
1(
b111110010 5
#52000000
0(
#52020000
b111110011 !
1#
1%
b111110011 &
1(
b111110011 5
#52040000
0(
#52060000
b111110100 !
1#
1%
b111110100 &
1(
b111110100 5
#52080000
0(
#52100000
b111110101 !
1#
1%
b111110101 &
1(
b111110101 5
#52120000
0(
#52140000
b111110110 !
1#
1%
b111110110 &
1(
b111110110 5
#52160000
0(
#52180000
b111110111 !
1#
1%
b111110111 &
1(
b111110111 5
#52200000
0(
#52220000
b111111000 !
1#
1%
b111111000 &
1(
b111111000 5
#52240000
0(
#52260000
b111111001 !
1#
1%
b111111001 &
1(
b111111001 5
#52280000
0(
#52300000
b111111010 !
1#
1%
b111111010 &
1(
b111111010 5
#52320000
0(
#52340000
b111111011 !
1#
1%
b111111011 &
1(
b111111011 5
#52360000
0(
#52380000
b111111100 !
1#
1%
b111111100 &
1(
b111111100 5
#52400000
0(
#52420000
b111111101 !
1#
1%
b111111101 &
1(
b111111101 5
#52440000
0(
#52460000
b111111110 !
1#
1%
b111111110 &
1(
b111111110 5
#52480000
0(
#52500000
b111111111 !
1#
1%
b111111111 &
1(
b111111111 5
#52520000
0(
#52540000
b1000000000 !
1#
1%
b1000000000 &
1(
b1000000000 5
#52560000
0(
#52580000
b1000000001 !
1#
1%
b1000000001 &
1(
b1000000001 5
#52600000
0(
#52620000
b1000000010 !
1#
1%
b1000000010 &
1(
b1000000010 5
#52640000
0(
#52660000
b1000000011 !
1#
1%
b1000000011 &
1(
b1000000011 5
#52680000
0(
#52700000
b1000000100 !
1#
1%
b1000000100 &
1(
b1000000100 5
#52720000
0(
#52740000
b1000000101 !
1#
1%
b1000000101 &
1(
b1000000101 5
#52760000
0(
#52780000
b1000000110 !
1#
1%
b1000000110 &
1(
b1000000110 5
#52800000
0(
#52820000
b1000000111 !
1#
1%
b1000000111 &
1(
b1000000111 5
#52840000
0(
#52860000
b1000001000 !
1#
1%
b1000001000 &
1(
b1000001000 5
#52880000
0(
#52900000
b1000001001 !
1#
1%
b1000001001 &
1(
b1000001001 5
#52920000
0(
#52940000
b1000001010 !
1#
1%
b1000001010 &
1(
b1000001010 5
#52960000
0(
#52980000
b1000001011 !
1#
1%
b1000001011 &
1(
b1000001011 5
#53000000
0(
#53020000
b1000001100 !
1#
1%
b1000001100 &
1(
b1000001100 5
#53040000
0(
#53060000
b1000001101 !
1#
1%
b1000001101 &
1(
b1000001101 5
#53080000
0(
#53100000
b1000001110 !
1#
1%
b1000001110 &
1(
b1000001110 5
#53120000
0(
#53140000
b1000001111 !
1#
1%
b1000001111 &
1(
b1000001111 5
#53160000
0(
#53180000
b1000010000 !
1#
1%
b1000010000 &
1(
b1000010000 5
#53200000
0(
#53220000
b1000010001 !
1#
1%
b1000010001 &
1(
b1000010001 5
#53240000
0(
#53260000
b1000010010 !
1#
1%
b1000010010 &
1(
b1000010010 5
#53280000
0(
#53300000
b1000010011 !
1#
1%
b1000010011 &
1(
b1000010011 5
#53320000
0(
#53340000
b1000010100 !
1#
1%
b1000010100 &
1(
b1000010100 5
#53360000
0(
#53380000
b1000010101 !
1#
1%
b1000010101 &
1(
b1000010101 5
#53400000
0(
#53420000
b1000010110 !
1#
1%
b1000010110 &
1(
b1000010110 5
#53440000
0(
#53460000
b1000010111 !
1#
1%
b1000010111 &
1(
b1000010111 5
#53480000
0(
#53500000
b1000011000 !
1#
1%
b1000011000 &
1(
b1000011000 5
#53520000
0(
#53540000
b1000011001 !
1#
1%
b1000011001 &
1(
b1000011001 5
#53560000
0(
#53580000
b1000011010 !
1#
1%
b1000011010 &
1(
b1000011010 5
#53600000
0(
#53620000
b1000011011 !
1#
1%
b1000011011 &
1(
b1000011011 5
#53640000
0(
#53660000
b1000011100 !
1#
1%
b1000011100 &
1(
b1000011100 5
#53680000
0(
#53700000
b1000011101 !
1#
1%
b1000011101 &
1(
b1000011101 5
#53720000
0(
#53740000
b1000011110 !
1#
1%
b1000011110 &
1(
b1000011110 5
#53760000
0(
#53780000
b1000011111 !
1#
1%
b1000011111 &
1(
b1000011111 5
#53800000
0(
#53820000
b1000100000 !
1#
1%
b1000100000 &
1(
b1000100000 5
#53840000
0(
#53860000
b1000100001 !
1#
1%
b1000100001 &
1(
b1000100001 5
#53880000
0(
#53900000
b1000100010 !
1#
1%
b1000100010 &
1(
b1000100010 5
#53920000
0(
#53940000
b1000100011 !
1#
1%
b1000100011 &
1(
b1000100011 5
#53960000
0(
#53980000
b1000100100 !
1#
1%
b1000100100 &
1(
b1000100100 5
#54000000
0(
#54020000
b1000100101 !
1#
1%
b1000100101 &
1(
b1000100101 5
#54040000
0(
#54060000
b1000100110 !
1#
1%
b1000100110 &
1(
b1000100110 5
#54080000
0(
#54100000
b1000100111 !
1#
1%
b1000100111 &
1(
b1000100111 5
#54120000
0(
#54140000
b1000101000 !
1#
1%
b1000101000 &
1(
b1000101000 5
#54160000
0(
#54180000
b1000101001 !
1#
1%
b1000101001 &
1(
b1000101001 5
#54200000
0(
#54220000
b1000101010 !
1#
1%
b1000101010 &
1(
b1000101010 5
#54240000
0(
#54260000
b1000101011 !
1#
1%
b1000101011 &
1(
b1000101011 5
#54280000
0(
#54300000
b1000101100 !
1#
1%
b1000101100 &
1(
b1000101100 5
#54320000
0(
#54340000
b1000101101 !
1#
1%
b1000101101 &
1(
b1000101101 5
#54360000
0(
#54380000
b1000101110 !
1#
1%
b1000101110 &
1(
b1000101110 5
#54400000
0(
#54420000
b1000101111 !
1#
1%
b1000101111 &
1(
b1000101111 5
#54440000
0(
#54460000
b1000110000 !
1#
1%
b1000110000 &
1(
b1000110000 5
#54480000
0(
#54500000
b1000110001 !
1#
1%
b1000110001 &
1(
b1000110001 5
#54520000
0(
#54540000
b1000110010 !
1#
1%
b1000110010 &
1(
b1000110010 5
#54560000
0(
#54580000
b1000110011 !
1#
1%
b1000110011 &
1(
b1000110011 5
#54600000
0(
#54620000
b1000110100 !
1#
1%
b1000110100 &
1(
b1000110100 5
#54640000
0(
#54660000
b1000110101 !
1#
1%
b1000110101 &
1(
b1000110101 5
#54680000
0(
#54700000
b1000110110 !
1#
1%
b1000110110 &
1(
b1000110110 5
#54720000
0(
#54740000
b1000110111 !
1#
1%
b1000110111 &
1(
b1000110111 5
#54760000
0(
#54780000
b1000111000 !
1#
1%
b1000111000 &
1(
b1000111000 5
#54800000
0(
#54820000
b1000111001 !
1#
1%
b1000111001 &
1(
b1000111001 5
#54840000
0(
#54860000
b1000111010 !
1#
1%
b1000111010 &
1(
b1000111010 5
#54880000
0(
#54900000
b1000111011 !
1#
1%
b1000111011 &
1(
b1000111011 5
#54920000
0(
#54940000
b1000111100 !
1#
1%
b1000111100 &
1(
b1000111100 5
#54960000
0(
#54980000
b1000111101 !
1#
1%
b1000111101 &
1(
b1000111101 5
#55000000
0(
#55020000
b1000111110 !
1#
1%
b1000111110 &
1(
b1000111110 5
#55040000
0(
#55060000
b1000111111 !
1#
1%
b1000111111 &
1(
b1000111111 5
#55080000
0(
#55100000
b1001000000 !
1#
1%
b1001000000 &
1(
b1001000000 5
#55120000
0(
#55140000
b1001000001 !
1#
1%
b1001000001 &
1(
b1001000001 5
#55160000
0(
#55180000
b1001000010 !
1#
1%
b1001000010 &
1(
b1001000010 5
#55200000
0(
#55220000
b1001000011 !
1#
1%
b1001000011 &
1(
b1001000011 5
#55240000
0(
#55260000
b1001000100 !
1#
1%
b1001000100 &
1(
b1001000100 5
#55280000
0(
#55300000
b1001000101 !
1#
1%
b1001000101 &
1(
b1001000101 5
#55320000
0(
#55340000
b1001000110 !
1#
1%
b1001000110 &
1(
b1001000110 5
#55360000
0(
#55380000
b1001000111 !
1#
1%
b1001000111 &
1(
b1001000111 5
#55400000
0(
#55420000
b1001001000 !
1#
1%
b1001001000 &
1(
b1001001000 5
#55440000
0(
#55460000
b1001001001 !
1#
1%
b1001001001 &
1(
b1001001001 5
#55480000
0(
#55500000
b1001001010 !
1#
1%
b1001001010 &
1(
b1001001010 5
#55520000
0(
#55540000
b1001001011 !
1#
1%
b1001001011 &
1(
b1001001011 5
#55560000
0(
#55580000
b1001001100 !
1#
1%
b1001001100 &
1(
b1001001100 5
#55600000
0(
#55620000
b1001001101 !
1#
1%
b1001001101 &
1(
b1001001101 5
#55640000
0(
#55660000
b1001001110 !
1#
1%
b1001001110 &
1(
b1001001110 5
#55680000
0(
#55700000
b1001001111 !
1#
1%
b1001001111 &
1(
b1001001111 5
#55720000
0(
#55740000
b1001010000 !
1#
1%
b1001010000 &
1(
b1001010000 5
#55760000
0(
#55780000
b1001010001 !
1#
1%
b1001010001 &
1(
b1001010001 5
#55800000
0(
#55820000
b1001010010 !
1#
1%
b1001010010 &
1(
b1001010010 5
#55840000
0(
#55860000
b1001010011 !
1#
1%
b1001010011 &
1(
b1001010011 5
#55880000
0(
#55900000
b1001010100 !
1#
1%
b1001010100 &
1(
b1001010100 5
#55920000
0(
#55940000
b1001010101 !
1#
1%
b1001010101 &
1(
b1001010101 5
#55960000
0(
#55980000
b1001010110 !
1#
1%
b1001010110 &
1(
b1001010110 5
#56000000
0(
#56020000
b1001010111 !
1#
1%
b1001010111 &
1(
b1001010111 5
#56040000
0(
#56060000
b1001011000 !
1#
1%
b1001011000 &
1(
b1001011000 5
#56080000
0(
#56100000
b1001011001 !
1#
1%
b1001011001 &
1(
b1001011001 5
#56120000
0(
#56140000
b1001011010 !
1#
1%
b1001011010 &
1(
b1001011010 5
#56160000
0(
#56180000
b1001011011 !
1#
1%
b1001011011 &
1(
b1001011011 5
#56200000
0(
#56220000
b1001011100 !
1#
1%
b1001011100 &
1(
b1001011100 5
#56240000
0(
#56260000
b1001011101 !
1#
1%
b1001011101 &
1(
b1001011101 5
#56280000
0(
#56300000
b1001011110 !
1#
1%
b1001011110 &
1(
b1001011110 5
#56320000
0(
#56340000
b1001011111 !
1#
1%
b1001011111 &
1(
b1001011111 5
#56360000
0(
#56380000
b1001100000 !
1#
1%
b1001100000 &
1(
b1001100000 5
#56400000
0(
#56420000
b1001100001 !
1#
1%
b1001100001 &
1(
b1001100001 5
#56440000
0(
#56460000
b1001100010 !
1#
1%
b1001100010 &
1(
b1001100010 5
#56480000
0(
#56500000
b1001100011 !
1#
1%
b1001100011 &
1(
b1001100011 5
#56520000
0(
#56540000
b1001100100 !
1#
1%
b1001100100 &
1(
b1001100100 5
#56560000
0(
#56580000
b1001100101 !
1#
1%
b1001100101 &
1(
b1001100101 5
#56600000
0(
#56620000
b1001100110 !
1#
1%
b1001100110 &
1(
b1001100110 5
#56640000
0(
#56660000
b1001100111 !
1#
1%
b1001100111 &
1(
b1001100111 5
#56680000
0(
#56700000
b1001101000 !
1#
1%
b1001101000 &
1(
b1001101000 5
#56720000
0(
#56740000
b1001101001 !
1#
1%
b1001101001 &
1(
b1001101001 5
#56760000
0(
#56780000
b1001101010 !
1#
1%
b1001101010 &
1(
b1001101010 5
#56800000
0(
#56820000
b1001101011 !
1#
1%
b1001101011 &
1(
b1001101011 5
#56840000
0(
#56860000
b1001101100 !
1#
1%
b1001101100 &
1(
b1001101100 5
#56880000
0(
#56900000
b1001101101 !
1#
1%
b1001101101 &
1(
b1001101101 5
#56920000
0(
#56940000
b1001101110 !
1#
1%
b1001101110 &
1(
b1001101110 5
#56960000
0(
#56980000
b1001101111 !
1#
1%
b1001101111 &
1(
b1001101111 5
#57000000
0(
#57020000
b1001110000 !
1#
1%
b1001110000 &
1(
b1001110000 5
#57040000
0(
#57060000
b1001110001 !
1#
1%
b1001110001 &
1(
b1001110001 5
#57080000
0(
#57100000
b1001110010 !
1#
1%
b1001110010 &
1(
b1001110010 5
#57120000
0(
#57140000
b1001110011 !
1#
1%
b1001110011 &
1(
b1001110011 5
#57160000
0(
#57180000
b1001110100 !
1#
1%
b1001110100 &
1(
b1001110100 5
#57200000
0(
#57220000
b1001110101 !
1#
1%
b1001110101 &
1(
b1001110101 5
#57240000
0(
#57260000
b1001110110 !
1#
1%
b1001110110 &
1(
b1001110110 5
#57280000
0(
#57300000
b1001110111 !
1#
1%
b1001110111 &
1(
b1001110111 5
#57320000
0(
#57340000
b1001111000 !
1#
1%
b1001111000 &
1(
b1001111000 5
#57360000
0(
#57380000
b1001111001 !
1#
1%
b1001111001 &
1(
b1001111001 5
#57400000
0(
#57420000
b1001111010 !
1#
1%
b1001111010 &
1(
b1001111010 5
#57440000
0(
#57460000
b1001111011 !
1#
1%
b1001111011 &
1(
b1001111011 5
#57480000
0(
#57500000
b1001111100 !
1#
1%
b1001111100 &
1(
b1001111100 5
#57520000
0(
#57540000
b1001111101 !
1#
1%
b1001111101 &
1(
b1001111101 5
#57560000
0(
#57580000
b1001111110 !
1#
1%
b1001111110 &
1(
b1001111110 5
#57600000
0(
#57620000
b1001111111 !
1#
1%
b1001111111 &
1(
b1001111111 5
#57640000
0(
#57660000
b1010000000 !
1#
0%
b1010000000 &
1(
b1010000000 5
#57680000
0(
#57700000
b1010000001 !
1#
0%
b1010000001 &
1(
b1010000001 5
#57720000
0(
#57740000
b1010000010 !
1#
0%
b1010000010 &
1(
b1010000010 5
#57760000
0(
#57780000
b1010000011 !
1#
0%
b1010000011 &
1(
b1010000011 5
#57800000
0(
#57820000
b1010000100 !
1#
0%
b1010000100 &
1(
b1010000100 5
#57840000
0(
#57860000
b1010000101 !
1#
0%
b1010000101 &
1(
b1010000101 5
#57880000
0(
#57900000
b1010000110 !
1#
0%
b1010000110 &
1(
b1010000110 5
#57920000
0(
#57940000
b1010000111 !
1#
0%
b1010000111 &
1(
b1010000111 5
#57960000
0(
#57980000
b1010001000 !
1#
0%
b1010001000 &
1(
b1010001000 5
#58000000
0(
#58020000
b1010001001 !
1#
0%
b1010001001 &
1(
b1010001001 5
#58040000
0(
#58060000
b1010001010 !
1#
0%
b1010001010 &
1(
b1010001010 5
#58080000
0(
#58100000
b1010001011 !
1#
0%
b1010001011 &
1(
b1010001011 5
#58120000
0(
#58140000
b1010001100 !
1#
0%
b1010001100 &
1(
b1010001100 5
#58160000
0(
#58180000
b1010001101 !
1#
0%
b1010001101 &
1(
b1010001101 5
#58200000
0(
#58220000
b1010001110 !
1#
0%
b1010001110 &
1(
b1010001110 5
#58240000
0(
#58260000
b1010001111 !
1#
0%
b1010001111 &
1(
b1010001111 5
#58280000
0(
#58300000
b1010010000 !
0#
0%
b1010010000 &
1(
b1010010000 5
#58320000
0(
#58340000
b1010010001 !
0#
0%
b1010010001 &
1(
b1010010001 5
#58360000
0(
#58380000
b1010010010 !
0#
0%
b1010010010 &
1(
b1010010010 5
#58400000
0(
#58420000
b1010010011 !
0#
0%
b1010010011 &
1(
b1010010011 5
#58440000
0(
#58460000
b1010010100 !
0#
0%
b1010010100 &
1(
b1010010100 5
#58480000
0(
#58500000
b1010010101 !
0#
0%
b1010010101 &
1(
b1010010101 5
#58520000
0(
#58540000
b1010010110 !
0#
0%
b1010010110 &
1(
b1010010110 5
#58560000
0(
#58580000
b1010010111 !
0#
0%
b1010010111 &
1(
b1010010111 5
#58600000
0(
#58620000
b1010011000 !
0#
0%
b1010011000 &
1(
b1010011000 5
#58640000
0(
#58660000
b1010011001 !
0#
0%
b1010011001 &
1(
b1010011001 5
#58680000
0(
#58700000
b1010011010 !
0#
0%
b1010011010 &
1(
b1010011010 5
#58720000
0(
#58740000
b1010011011 !
0#
0%
b1010011011 &
1(
b1010011011 5
#58760000
0(
#58780000
b1010011100 !
0#
0%
b1010011100 &
1(
b1010011100 5
#58800000
0(
#58820000
b1010011101 !
0#
0%
b1010011101 &
1(
b1010011101 5
#58840000
0(
#58860000
b1010011110 !
0#
0%
b1010011110 &
1(
b1010011110 5
#58880000
0(
#58900000
b1010011111 !
0#
0%
b1010011111 &
1(
b1010011111 5
#58920000
0(
#58940000
b1010100000 !
0#
0%
b1010100000 &
1(
b1010100000 5
#58960000
0(
#58980000
b1010100001 !
0#
0%
b1010100001 &
1(
b1010100001 5
#59000000
0(
#59020000
b1010100010 !
0#
0%
b1010100010 &
1(
b1010100010 5
#59040000
0(
#59060000
b1010100011 !
0#
0%
b1010100011 &
1(
b1010100011 5
#59080000
0(
#59100000
b1010100100 !
0#
0%
b1010100100 &
1(
b1010100100 5
#59120000
0(
#59140000
b1010100101 !
0#
0%
b1010100101 &
1(
b1010100101 5
#59160000
0(
#59180000
b1010100110 !
0#
0%
b1010100110 &
1(
b1010100110 5
#59200000
0(
#59220000
b1010100111 !
0#
0%
b1010100111 &
1(
b1010100111 5
#59240000
0(
#59260000
b1010101000 !
0#
0%
b1010101000 &
1(
b1010101000 5
#59280000
0(
#59300000
b1010101001 !
0#
0%
b1010101001 &
1(
b1010101001 5
#59320000
0(
#59340000
b1010101010 !
0#
0%
b1010101010 &
1(
b1010101010 5
#59360000
0(
#59380000
b1010101011 !
0#
0%
b1010101011 &
1(
b1010101011 5
#59400000
0(
#59420000
b1010101100 !
0#
0%
b1010101100 &
1(
b1010101100 5
#59440000
0(
#59460000
b1010101101 !
0#
0%
b1010101101 &
1(
b1010101101 5
#59480000
0(
#59500000
b1010101110 !
0#
0%
b1010101110 &
1(
b1010101110 5
#59520000
0(
#59540000
b1010101111 !
0#
0%
b1010101111 &
1(
b1010101111 5
#59560000
0(
#59580000
b1010110000 !
0#
0%
b1010110000 &
1(
b1010110000 5
#59600000
0(
#59620000
b1010110001 !
0#
0%
b1010110001 &
1(
b1010110001 5
#59640000
0(
#59660000
b1010110010 !
0#
0%
b1010110010 &
1(
b1010110010 5
#59680000
0(
#59700000
b1010110011 !
0#
0%
b1010110011 &
1(
b1010110011 5
#59720000
0(
#59740000
b1010110100 !
0#
0%
b1010110100 &
1(
b1010110100 5
#59760000
0(
#59780000
b1010110101 !
0#
0%
b1010110101 &
1(
b1010110101 5
#59800000
0(
#59820000
b1010110110 !
0#
0%
b1010110110 &
1(
b1010110110 5
#59840000
0(
#59860000
b1010110111 !
0#
0%
b1010110111 &
1(
b1010110111 5
#59880000
0(
#59900000
b1010111000 !
0#
0%
b1010111000 &
1(
b1010111000 5
#59920000
0(
#59940000
b1010111001 !
0#
0%
b1010111001 &
1(
b1010111001 5
#59960000
0(
#59980000
b1010111010 !
0#
0%
b1010111010 &
1(
b1010111010 5
#60000000
0(
#60020000
b1010111011 !
0#
0%
b1010111011 &
1(
b1010111011 5
#60040000
0(
#60060000
b1010111100 !
0#
0%
b1010111100 &
1(
b1010111100 5
#60080000
0(
#60100000
b1010111101 !
0#
0%
b1010111101 &
1(
b1010111101 5
#60120000
0(
#60140000
b1010111110 !
0#
0%
b1010111110 &
1(
b1010111110 5
#60160000
0(
#60180000
b1010111111 !
0#
0%
b1010111111 &
1(
b1010111111 5
#60200000
0(
#60220000
b1011000000 !
0#
0%
b1011000000 &
1(
b1011000000 5
#60240000
0(
#60260000
b1011000001 !
0#
0%
b1011000001 &
1(
b1011000001 5
#60280000
0(
#60300000
b1011000010 !
0#
0%
b1011000010 &
1(
b1011000010 5
#60320000
0(
#60340000
b1011000011 !
0#
0%
b1011000011 &
1(
b1011000011 5
#60360000
0(
#60380000
b1011000100 !
0#
0%
b1011000100 &
1(
b1011000100 5
#60400000
0(
#60420000
b1011000101 !
0#
0%
b1011000101 &
1(
b1011000101 5
#60440000
0(
#60460000
b1011000110 !
0#
0%
b1011000110 &
1(
b1011000110 5
#60480000
0(
#60500000
b1011000111 !
0#
0%
b1011000111 &
1(
b1011000111 5
#60520000
0(
#60540000
b1011001000 !
0#
0%
b1011001000 &
1(
b1011001000 5
#60560000
0(
#60580000
b1011001001 !
0#
0%
b1011001001 &
1(
b1011001001 5
#60600000
0(
#60620000
b1011001010 !
0#
0%
b1011001010 &
1(
b1011001010 5
#60640000
0(
#60660000
b1011001011 !
0#
0%
b1011001011 &
1(
b1011001011 5
#60680000
0(
#60700000
b1011001100 !
0#
0%
b1011001100 &
1(
b1011001100 5
#60720000
0(
#60740000
b1011001101 !
0#
0%
b1011001101 &
1(
b1011001101 5
#60760000
0(
#60780000
b1011001110 !
0#
0%
b1011001110 &
1(
b1011001110 5
#60800000
0(
#60820000
b1011001111 !
0#
0%
b1011001111 &
1(
b1011001111 5
#60840000
0(
#60860000
b1011010000 !
0#
0%
b1011010000 &
1(
b1011010000 5
#60880000
0(
#60900000
b1011010001 !
0#
0%
b1011010001 &
1(
b1011010001 5
#60920000
0(
#60940000
b1011010010 !
0#
0%
b1011010010 &
1(
b1011010010 5
#60960000
0(
#60980000
b1011010011 !
0#
0%
b1011010011 &
1(
b1011010011 5
#61000000
0(
#61020000
b1011010100 !
0#
0%
b1011010100 &
1(
b1011010100 5
#61040000
0(
#61060000
b1011010101 !
0#
0%
b1011010101 &
1(
b1011010101 5
#61080000
0(
#61100000
b1011010110 !
0#
0%
b1011010110 &
1(
b1011010110 5
#61120000
0(
#61140000
b1011010111 !
0#
0%
b1011010111 &
1(
b1011010111 5
#61160000
0(
#61180000
b1011011000 !
0#
0%
b1011011000 &
1(
b1011011000 5
#61200000
0(
#61220000
b1011011001 !
0#
0%
b1011011001 &
1(
b1011011001 5
#61240000
0(
#61260000
b1011011010 !
0#
0%
b1011011010 &
1(
b1011011010 5
#61280000
0(
#61300000
b1011011011 !
0#
0%
b1011011011 &
1(
b1011011011 5
#61320000
0(
#61340000
b1011011100 !
0#
0%
b1011011100 &
1(
b1011011100 5
#61360000
0(
#61380000
b1011011101 !
0#
0%
b1011011101 &
1(
b1011011101 5
#61400000
0(
#61420000
b1011011110 !
0#
0%
b1011011110 &
1(
b1011011110 5
#61440000
0(
#61460000
b1011011111 !
0#
0%
b1011011111 &
1(
b1011011111 5
#61480000
0(
#61500000
b1011100000 !
0#
0%
b1011100000 &
1(
b1011100000 5
#61520000
0(
#61540000
b1011100001 !
0#
0%
b1011100001 &
1(
b1011100001 5
#61560000
0(
#61580000
b1011100010 !
0#
0%
b1011100010 &
1(
b1011100010 5
#61600000
0(
#61620000
b1011100011 !
0#
0%
b1011100011 &
1(
b1011100011 5
#61640000
0(
#61660000
b1011100100 !
0#
0%
b1011100100 &
1(
b1011100100 5
#61680000
0(
#61700000
b1011100101 !
0#
0%
b1011100101 &
1(
b1011100101 5
#61720000
0(
#61740000
b1011100110 !
0#
0%
b1011100110 &
1(
b1011100110 5
#61760000
0(
#61780000
b1011100111 !
0#
0%
b1011100111 &
1(
b1011100111 5
#61800000
0(
#61820000
b1011101000 !
0#
0%
b1011101000 &
1(
b1011101000 5
#61840000
0(
#61860000
b1011101001 !
0#
0%
b1011101001 &
1(
b1011101001 5
#61880000
0(
#61900000
b1011101010 !
0#
0%
b1011101010 &
1(
b1011101010 5
#61920000
0(
#61940000
b1011101011 !
0#
0%
b1011101011 &
1(
b1011101011 5
#61960000
0(
#61980000
b1011101100 !
0#
0%
b1011101100 &
1(
b1011101100 5
#62000000
0(
#62020000
b1011101101 !
0#
0%
b1011101101 &
1(
b1011101101 5
#62040000
0(
#62060000
b1011101110 !
0#
0%
b1011101110 &
1(
b1011101110 5
#62080000
0(
#62100000
b1011101111 !
0#
0%
b1011101111 &
1(
b1011101111 5
#62120000
0(
#62140000
b1011110000 !
1#
0%
b1011110000 &
1(
b1011110000 5
#62160000
0(
#62180000
b1011110001 !
1#
0%
b1011110001 &
1(
b1011110001 5
#62200000
0(
#62220000
b1011110010 !
1#
0%
b1011110010 &
1(
b1011110010 5
#62240000
0(
#62260000
b1011110011 !
1#
0%
b1011110011 &
1(
b1011110011 5
#62280000
0(
#62300000
b1011110100 !
1#
0%
b1011110100 &
1(
b1011110100 5
#62320000
0(
#62340000
b1011110101 !
1#
0%
b1011110101 &
1(
b1011110101 5
#62360000
0(
#62380000
b1011110110 !
1#
0%
b1011110110 &
1(
b1011110110 5
#62400000
0(
#62420000
b1011110111 !
1#
0%
b1011110111 &
1(
b1011110111 5
#62440000
0(
#62460000
b1011111000 !
1#
0%
b1011111000 &
1(
b1011111000 5
#62480000
0(
#62500000
b1011111001 !
1#
0%
b1011111001 &
1(
b1011111001 5
#62520000
0(
#62540000
b1011111010 !
1#
0%
b1011111010 &
1(
b1011111010 5
#62560000
0(
#62580000
b1011111011 !
1#
0%
b1011111011 &
1(
b1011111011 5
#62600000
0(
#62620000
b1011111100 !
1#
0%
b1011111100 &
1(
b1011111100 5
#62640000
0(
#62660000
b1011111101 !
1#
0%
b1011111101 &
1(
b1011111101 5
#62680000
0(
#62700000
b1011111110 !
1#
0%
b1011111110 &
1(
b1011111110 5
#62720000
0(
#62740000
b1011111111 !
1#
0%
b1011111111 &
1(
b1011111111 5
#62760000
0(
#62780000
b1100000000 !
1#
0%
b1100000000 &
1(
b1100000000 5
#62800000
0(
#62820000
b1100000001 !
1#
0%
b1100000001 &
1(
b1100000001 5
#62840000
0(
#62860000
b1100000010 !
1#
0%
b1100000010 &
1(
b1100000010 5
#62880000
0(
#62900000
b1100000011 !
1#
0%
b1100000011 &
1(
b1100000011 5
#62920000
0(
#62940000
b1100000100 !
1#
0%
b1100000100 &
1(
b1100000100 5
#62960000
0(
#62980000
b1100000101 !
1#
0%
b1100000101 &
1(
b1100000101 5
#63000000
0(
#63020000
b1100000110 !
1#
0%
b1100000110 &
1(
b1100000110 5
#63040000
0(
#63060000
b1100000111 !
1#
0%
b1100000111 &
1(
b1100000111 5
#63080000
0(
#63100000
b1100001000 !
1#
0%
b1100001000 &
1(
b1100001000 5
#63120000
0(
#63140000
b1100001001 !
1#
0%
b1100001001 &
1(
b1100001001 5
#63160000
0(
#63180000
b1100001010 !
1#
0%
b1100001010 &
1(
b1100001010 5
#63200000
0(
#63220000
b1100001011 !
1#
0%
b1100001011 &
1(
b1100001011 5
#63240000
0(
#63260000
b1100001100 !
1#
0%
b1100001100 &
1(
b1100001100 5
#63280000
0(
#63300000
b1100001101 !
1#
0%
b1100001101 &
1(
b1100001101 5
#63320000
0(
#63340000
b1100001110 !
1#
0%
b1100001110 &
1(
b1100001110 5
#63360000
0(
#63380000
b1100001111 !
1#
0%
b1100001111 &
1(
b1100001111 5
#63400000
0(
#63420000
b1100010000 !
1#
0%
b1100010000 &
1(
b1100010000 5
#63440000
0(
#63460000
b1100010001 !
1#
0%
b1100010001 &
1(
b1100010001 5
#63480000
0(
#63500000
b1100010010 !
1#
0%
b1100010010 &
1(
b1100010010 5
#63520000
0(
#63540000
b1100010011 !
1#
0%
b1100010011 &
1(
b1100010011 5
#63560000
0(
#63580000
b1100010100 !
1#
0%
b1100010100 &
1(
b1100010100 5
#63600000
0(
#63620000
b1100010101 !
1#
0%
b1100010101 &
1(
b1100010101 5
#63640000
0(
#63660000
b1100010110 !
1#
0%
b1100010110 &
1(
b1100010110 5
#63680000
0(
#63700000
b1100010111 !
1#
0%
b1100010111 &
1(
b1100010111 5
#63720000
0(
#63740000
b1100011000 !
1#
0%
b1100011000 &
1(
b1100011000 5
#63760000
0(
#63780000
b1100011001 !
1#
0%
b1100011001 &
1(
b1100011001 5
#63800000
0(
#63820000
b1100011010 !
1#
0%
b1100011010 &
1(
b1100011010 5
#63840000
0(
#63860000
b1100011011 !
1#
0%
b1100011011 &
1(
b1100011011 5
#63880000
0(
#63900000
b1100011100 !
1#
0%
b1100011100 &
1(
b1100011100 5
#63920000
0(
#63940000
b1100011101 !
1#
0%
b1100011101 &
1(
b1100011101 5
#63960000
0(
#63980000
b1100011110 !
1#
0%
b1100011110 &
1(
b1100011110 5
#64000000
0(
#64020000
b1100011111 !
1#
0%
b1100011111 &
1(
b1100011111 5
#64040000
0(
#64060000
b0 !
b10 "
1#
1$
1%
b0 &
b10 '
1(
b0 5
b10 6
#64080000
0(
#64100000
b1 !
1#
1%
b1 &
1(
b1 5
#64120000
0(
#64140000
b10 !
1#
1%
b10 &
1(
b10 5
#64160000
0(
#64180000
b11 !
1#
1%
b11 &
1(
b11 5
#64200000
0(
#64220000
b100 !
1#
1%
b100 &
1(
b100 5
#64240000
0(
#64260000
b101 !
1#
1%
b101 &
1(
b101 5
#64280000
0(
#64300000
b110 !
1#
1%
b110 &
1(
b110 5
#64320000
0(
#64340000
b111 !
1#
1%
b111 &
1(
b111 5
#64360000
0(
#64380000
b1000 !
1#
1%
b1000 &
1(
b1000 5
#64400000
0(
#64420000
b1001 !
1#
1%
b1001 &
1(
b1001 5
#64440000
0(
#64460000
b1010 !
1#
1%
b1010 &
1(
b1010 5
#64480000
0(
#64500000
b1011 !
1#
1%
b1011 &
1(
b1011 5
#64520000
0(
#64540000
b1100 !
1#
1%
b1100 &
1(
b1100 5
#64560000
0(
#64580000
b1101 !
1#
1%
b1101 &
1(
b1101 5
#64600000
0(
#64620000
b1110 !
1#
1%
b1110 &
1(
b1110 5
#64640000
0(
#64660000
b1111 !
1#
1%
b1111 &
1(
b1111 5
#64680000
0(
#64700000
b10000 !
1#
1%
b10000 &
1(
b10000 5
#64720000
0(
#64740000
b10001 !
1#
1%
b10001 &
1(
b10001 5
#64760000
0(
#64780000
b10010 !
1#
1%
b10010 &
1(
b10010 5
#64800000
0(
#64820000
b10011 !
1#
1%
b10011 &
1(
b10011 5
#64840000
0(
#64860000
b10100 !
1#
1%
b10100 &
1(
b10100 5
#64880000
0(
#64900000
b10101 !
1#
1%
b10101 &
1(
b10101 5
#64920000
0(
#64940000
b10110 !
1#
1%
b10110 &
1(
b10110 5
#64960000
0(
#64980000
b10111 !
1#
1%
b10111 &
1(
b10111 5
#65000000
0(
#65020000
b11000 !
1#
1%
b11000 &
1(
b11000 5
#65040000
0(
#65060000
b11001 !
1#
1%
b11001 &
1(
b11001 5
#65080000
0(
#65100000
b11010 !
1#
1%
b11010 &
1(
b11010 5
#65120000
0(
#65140000
b11011 !
1#
1%
b11011 &
1(
b11011 5
#65160000
0(
#65180000
b11100 !
1#
1%
b11100 &
1(
b11100 5
#65200000
0(
#65220000
b11101 !
1#
1%
b11101 &
1(
b11101 5
#65240000
0(
#65260000
b11110 !
1#
1%
b11110 &
1(
b11110 5
#65280000
0(
#65300000
b11111 !
1#
1%
b11111 &
1(
b11111 5
#65320000
0(
#65340000
b100000 !
1#
1%
b100000 &
1(
b100000 5
#65360000
0(
#65380000
b100001 !
1#
1%
b100001 &
1(
b100001 5
#65400000
0(
#65420000
b100010 !
1#
1%
b100010 &
1(
b100010 5
#65440000
0(
#65460000
b100011 !
1#
1%
b100011 &
1(
b100011 5
#65480000
0(
#65500000
b100100 !
1#
1%
b100100 &
1(
b100100 5
#65520000
0(
#65540000
b100101 !
1#
1%
b100101 &
1(
b100101 5
#65560000
0(
#65580000
b100110 !
1#
1%
b100110 &
1(
b100110 5
#65600000
0(
#65620000
b100111 !
1#
1%
b100111 &
1(
b100111 5
#65640000
0(
#65660000
b101000 !
1#
1%
b101000 &
1(
b101000 5
#65680000
0(
#65700000
b101001 !
1#
1%
b101001 &
1(
b101001 5
#65720000
0(
#65740000
b101010 !
1#
1%
b101010 &
1(
b101010 5
#65760000
0(
#65780000
b101011 !
1#
1%
b101011 &
1(
b101011 5
#65800000
0(
#65820000
b101100 !
1#
1%
b101100 &
1(
b101100 5
#65840000
0(
#65860000
b101101 !
1#
1%
b101101 &
1(
b101101 5
#65880000
0(
#65900000
b101110 !
1#
1%
b101110 &
1(
b101110 5
#65920000
0(
#65940000
b101111 !
1#
1%
b101111 &
1(
b101111 5
#65960000
0(
#65980000
b110000 !
1#
1%
b110000 &
1(
b110000 5
#66000000
0(
#66020000
b110001 !
1#
1%
b110001 &
1(
b110001 5
#66040000
0(
#66060000
b110010 !
1#
1%
b110010 &
1(
b110010 5
#66080000
0(
#66100000
b110011 !
1#
1%
b110011 &
1(
b110011 5
#66120000
0(
#66140000
b110100 !
1#
1%
b110100 &
1(
b110100 5
#66160000
0(
#66180000
b110101 !
1#
1%
b110101 &
1(
b110101 5
#66200000
0(
#66220000
b110110 !
1#
1%
b110110 &
1(
b110110 5
#66240000
0(
#66260000
b110111 !
1#
1%
b110111 &
1(
b110111 5
#66280000
0(
#66300000
b111000 !
1#
1%
b111000 &
1(
b111000 5
#66320000
0(
#66340000
b111001 !
1#
1%
b111001 &
1(
b111001 5
#66360000
0(
#66380000
b111010 !
1#
1%
b111010 &
1(
b111010 5
#66400000
0(
#66420000
b111011 !
1#
1%
b111011 &
1(
b111011 5
#66440000
0(
#66460000
b111100 !
1#
1%
b111100 &
1(
b111100 5
#66480000
0(
#66500000
b111101 !
1#
1%
b111101 &
1(
b111101 5
#66520000
0(
#66540000
b111110 !
1#
1%
b111110 &
1(
b111110 5
#66560000
0(
#66580000
b111111 !
1#
1%
b111111 &
1(
b111111 5
#66600000
0(
#66620000
b1000000 !
1#
1%
b1000000 &
1(
b1000000 5
#66640000
0(
#66660000
b1000001 !
1#
1%
b1000001 &
1(
b1000001 5
#66680000
0(
#66700000
b1000010 !
1#
1%
b1000010 &
1(
b1000010 5
#66720000
0(
#66740000
b1000011 !
1#
1%
b1000011 &
1(
b1000011 5
#66760000
0(
#66780000
b1000100 !
1#
1%
b1000100 &
1(
b1000100 5
#66800000
0(
#66820000
b1000101 !
1#
1%
b1000101 &
1(
b1000101 5
#66840000
0(
#66860000
b1000110 !
1#
1%
b1000110 &
1(
b1000110 5
#66880000
0(
#66900000
b1000111 !
1#
1%
b1000111 &
1(
b1000111 5
#66920000
0(
#66940000
b1001000 !
1#
1%
b1001000 &
1(
b1001000 5
#66960000
0(
#66980000
b1001001 !
1#
1%
b1001001 &
1(
b1001001 5
#67000000
0(
#67020000
b1001010 !
1#
1%
b1001010 &
1(
b1001010 5
#67040000
0(
#67060000
b1001011 !
1#
1%
b1001011 &
1(
b1001011 5
#67080000
0(
#67100000
b1001100 !
1#
1%
b1001100 &
1(
b1001100 5
#67120000
0(
#67140000
b1001101 !
1#
1%
b1001101 &
1(
b1001101 5
#67160000
0(
#67180000
b1001110 !
1#
1%
b1001110 &
1(
b1001110 5
#67200000
0(
#67220000
b1001111 !
1#
1%
b1001111 &
1(
b1001111 5
#67240000
0(
#67260000
b1010000 !
1#
1%
b1010000 &
1(
b1010000 5
#67280000
0(
#67300000
b1010001 !
1#
1%
b1010001 &
1(
b1010001 5
#67320000
0(
#67340000
b1010010 !
1#
1%
b1010010 &
1(
b1010010 5
#67360000
0(
#67380000
b1010011 !
1#
1%
b1010011 &
1(
b1010011 5
#67400000
0(
#67420000
b1010100 !
1#
1%
b1010100 &
1(
b1010100 5
#67440000
0(
#67460000
b1010101 !
1#
1%
b1010101 &
1(
b1010101 5
#67480000
0(
#67500000
b1010110 !
1#
1%
b1010110 &
1(
b1010110 5
#67520000
0(
#67540000
b1010111 !
1#
1%
b1010111 &
1(
b1010111 5
#67560000
0(
#67580000
b1011000 !
1#
1%
b1011000 &
1(
b1011000 5
#67600000
0(
#67620000
b1011001 !
1#
1%
b1011001 &
1(
b1011001 5
#67640000
0(
#67660000
b1011010 !
1#
1%
b1011010 &
1(
b1011010 5
#67680000
0(
#67700000
b1011011 !
1#
1%
b1011011 &
1(
b1011011 5
#67720000
0(
#67740000
b1011100 !
1#
1%
b1011100 &
1(
b1011100 5
#67760000
0(
#67780000
b1011101 !
1#
1%
b1011101 &
1(
b1011101 5
#67800000
0(
#67820000
b1011110 !
1#
1%
b1011110 &
1(
b1011110 5
#67840000
0(
#67860000
b1011111 !
1#
1%
b1011111 &
1(
b1011111 5
#67880000
0(
#67900000
b1100000 !
1#
1%
b1100000 &
1(
b1100000 5
#67920000
0(
#67940000
b1100001 !
1#
1%
b1100001 &
1(
b1100001 5
#67960000
0(
#67980000
b1100010 !
1#
1%
b1100010 &
1(
b1100010 5
#68000000
0(
#68020000
b1100011 !
1#
1%
b1100011 &
1(
b1100011 5
#68040000
0(
#68060000
b1100100 !
1#
1%
b1100100 &
1(
b1100100 5
#68080000
0(
#68100000
b1100101 !
1#
1%
b1100101 &
1(
b1100101 5
#68120000
0(
#68140000
b1100110 !
1#
1%
b1100110 &
1(
b1100110 5
#68160000
0(
#68180000
b1100111 !
1#
1%
b1100111 &
1(
b1100111 5
#68200000
0(
#68220000
b1101000 !
1#
1%
b1101000 &
1(
b1101000 5
#68240000
0(
#68260000
b1101001 !
1#
1%
b1101001 &
1(
b1101001 5
#68280000
0(
#68300000
b1101010 !
1#
1%
b1101010 &
1(
b1101010 5
#68320000
0(
#68340000
b1101011 !
1#
1%
b1101011 &
1(
b1101011 5
#68360000
0(
#68380000
b1101100 !
1#
1%
b1101100 &
1(
b1101100 5
#68400000
0(
#68420000
b1101101 !
1#
1%
b1101101 &
1(
b1101101 5
#68440000
0(
#68460000
b1101110 !
1#
1%
b1101110 &
1(
b1101110 5
#68480000
0(
#68500000
b1101111 !
1#
1%
b1101111 &
1(
b1101111 5
#68520000
0(
#68540000
b1110000 !
1#
1%
b1110000 &
1(
b1110000 5
#68560000
0(
#68580000
b1110001 !
1#
1%
b1110001 &
1(
b1110001 5
#68600000
0(
#68620000
b1110010 !
1#
1%
b1110010 &
1(
b1110010 5
#68640000
0(
#68660000
b1110011 !
1#
1%
b1110011 &
1(
b1110011 5
#68680000
0(
#68700000
b1110100 !
1#
1%
b1110100 &
1(
b1110100 5
#68720000
0(
#68740000
b1110101 !
1#
1%
b1110101 &
1(
b1110101 5
#68760000
0(
#68780000
b1110110 !
1#
1%
b1110110 &
1(
b1110110 5
#68800000
0(
#68820000
b1110111 !
1#
1%
b1110111 &
1(
b1110111 5
#68840000
0(
#68860000
b1111000 !
1#
1%
b1111000 &
1(
b1111000 5
#68880000
0(
#68900000
b1111001 !
1#
1%
b1111001 &
1(
b1111001 5
#68920000
0(
#68940000
b1111010 !
1#
1%
b1111010 &
1(
b1111010 5
#68960000
0(
#68980000
b1111011 !
1#
1%
b1111011 &
1(
b1111011 5
#69000000
0(
#69020000
b1111100 !
1#
1%
b1111100 &
1(
b1111100 5
#69040000
0(
#69060000
b1111101 !
1#
1%
b1111101 &
1(
b1111101 5
#69080000
0(
#69100000
b1111110 !
1#
1%
b1111110 &
1(
b1111110 5
#69120000
0(
#69140000
b1111111 !
1#
1%
b1111111 &
1(
b1111111 5
#69160000
0(
#69180000
b10000000 !
1#
1%
b10000000 &
1(
b10000000 5
#69200000
0(
#69220000
b10000001 !
1#
1%
b10000001 &
1(
b10000001 5
#69240000
0(
#69260000
b10000010 !
1#
1%
b10000010 &
1(
b10000010 5
#69280000
0(
#69300000
b10000011 !
1#
1%
b10000011 &
1(
b10000011 5
#69320000
0(
#69340000
b10000100 !
1#
1%
b10000100 &
1(
b10000100 5
#69360000
0(
#69380000
b10000101 !
1#
1%
b10000101 &
1(
b10000101 5
#69400000
0(
#69420000
b10000110 !
1#
1%
b10000110 &
1(
b10000110 5
#69440000
0(
#69460000
b10000111 !
1#
1%
b10000111 &
1(
b10000111 5
#69480000
0(
#69500000
b10001000 !
1#
1%
b10001000 &
1(
b10001000 5
#69520000
0(
#69540000
b10001001 !
1#
1%
b10001001 &
1(
b10001001 5
#69560000
0(
#69580000
b10001010 !
1#
1%
b10001010 &
1(
b10001010 5
#69600000
0(
#69620000
b10001011 !
1#
1%
b10001011 &
1(
b10001011 5
#69640000
0(
#69660000
b10001100 !
1#
1%
b10001100 &
1(
b10001100 5
#69680000
0(
#69700000
b10001101 !
1#
1%
b10001101 &
1(
b10001101 5
#69720000
0(
#69740000
b10001110 !
1#
1%
b10001110 &
1(
b10001110 5
#69760000
0(
#69780000
b10001111 !
1#
1%
b10001111 &
1(
b10001111 5
#69800000
0(
#69820000
b10010000 !
1#
1%
b10010000 &
1(
b10010000 5
#69840000
0(
#69860000
b10010001 !
1#
1%
b10010001 &
1(
b10010001 5
#69880000
0(
#69900000
b10010010 !
1#
1%
b10010010 &
1(
b10010010 5
#69920000
0(
#69940000
b10010011 !
1#
1%
b10010011 &
1(
b10010011 5
#69960000
0(
#69980000
b10010100 !
1#
1%
b10010100 &
1(
b10010100 5
#70000000
0(
#70020000
b10010101 !
1#
1%
b10010101 &
1(
b10010101 5
#70040000
0(
#70060000
b10010110 !
1#
1%
b10010110 &
1(
b10010110 5
#70080000
0(
#70100000
b10010111 !
1#
1%
b10010111 &
1(
b10010111 5
#70120000
0(
#70140000
b10011000 !
1#
1%
b10011000 &
1(
b10011000 5
#70160000
0(
#70180000
b10011001 !
1#
1%
b10011001 &
1(
b10011001 5
#70200000
0(
#70220000
b10011010 !
1#
1%
b10011010 &
1(
b10011010 5
#70240000
0(
#70260000
b10011011 !
1#
1%
b10011011 &
1(
b10011011 5
#70280000
0(
#70300000
b10011100 !
1#
1%
b10011100 &
1(
b10011100 5
#70320000
0(
#70340000
b10011101 !
1#
1%
b10011101 &
1(
b10011101 5
#70360000
0(
#70380000
b10011110 !
1#
1%
b10011110 &
1(
b10011110 5
#70400000
0(
#70420000
b10011111 !
1#
1%
b10011111 &
1(
b10011111 5
#70440000
0(
#70460000
b10100000 !
1#
1%
b10100000 &
1(
b10100000 5
#70480000
0(
#70500000
b10100001 !
1#
1%
b10100001 &
1(
b10100001 5
#70520000
0(
#70540000
b10100010 !
1#
1%
b10100010 &
1(
b10100010 5
#70560000
0(
#70580000
b10100011 !
1#
1%
b10100011 &
1(
b10100011 5
#70600000
0(
#70620000
b10100100 !
1#
1%
b10100100 &
1(
b10100100 5
#70640000
0(
#70660000
b10100101 !
1#
1%
b10100101 &
1(
b10100101 5
#70680000
0(
#70700000
b10100110 !
1#
1%
b10100110 &
1(
b10100110 5
#70720000
0(
#70740000
b10100111 !
1#
1%
b10100111 &
1(
b10100111 5
#70760000
0(
#70780000
b10101000 !
1#
1%
b10101000 &
1(
b10101000 5
#70800000
0(
#70820000
b10101001 !
1#
1%
b10101001 &
1(
b10101001 5
#70840000
0(
#70860000
b10101010 !
1#
1%
b10101010 &
1(
b10101010 5
#70880000
0(
#70900000
b10101011 !
1#
1%
b10101011 &
1(
b10101011 5
#70920000
0(
#70940000
b10101100 !
1#
1%
b10101100 &
1(
b10101100 5
#70960000
0(
#70980000
b10101101 !
1#
1%
b10101101 &
1(
b10101101 5
#71000000
0(
#71020000
b10101110 !
1#
1%
b10101110 &
1(
b10101110 5
#71040000
0(
#71060000
b10101111 !
1#
1%
b10101111 &
1(
b10101111 5
#71080000
0(
#71100000
b10110000 !
1#
1%
b10110000 &
1(
b10110000 5
#71120000
0(
#71140000
b10110001 !
1#
1%
b10110001 &
1(
b10110001 5
#71160000
0(
#71180000
b10110010 !
1#
1%
b10110010 &
1(
b10110010 5
#71200000
0(
#71220000
b10110011 !
1#
1%
b10110011 &
1(
b10110011 5
#71240000
0(
#71260000
b10110100 !
1#
1%
b10110100 &
1(
b10110100 5
#71280000
0(
#71300000
b10110101 !
1#
1%
b10110101 &
1(
b10110101 5
#71320000
0(
#71340000
b10110110 !
1#
1%
b10110110 &
1(
b10110110 5
#71360000
0(
#71380000
b10110111 !
1#
1%
b10110111 &
1(
b10110111 5
#71400000
0(
#71420000
b10111000 !
1#
1%
b10111000 &
1(
b10111000 5
#71440000
0(
#71460000
b10111001 !
1#
1%
b10111001 &
1(
b10111001 5
#71480000
0(
#71500000
b10111010 !
1#
1%
b10111010 &
1(
b10111010 5
#71520000
0(
#71540000
b10111011 !
1#
1%
b10111011 &
1(
b10111011 5
#71560000
0(
#71580000
b10111100 !
1#
1%
b10111100 &
1(
b10111100 5
#71600000
0(
#71620000
b10111101 !
1#
1%
b10111101 &
1(
b10111101 5
#71640000
0(
#71660000
b10111110 !
1#
1%
b10111110 &
1(
b10111110 5
#71680000
0(
#71700000
b10111111 !
1#
1%
b10111111 &
1(
b10111111 5
#71720000
0(
#71740000
b11000000 !
1#
1%
b11000000 &
1(
b11000000 5
#71760000
0(
#71780000
b11000001 !
1#
1%
b11000001 &
1(
b11000001 5
#71800000
0(
#71820000
b11000010 !
1#
1%
b11000010 &
1(
b11000010 5
#71840000
0(
#71860000
b11000011 !
1#
1%
b11000011 &
1(
b11000011 5
#71880000
0(
#71900000
b11000100 !
1#
1%
b11000100 &
1(
b11000100 5
#71920000
0(
#71940000
b11000101 !
1#
1%
b11000101 &
1(
b11000101 5
#71960000
0(
#71980000
b11000110 !
1#
1%
b11000110 &
1(
b11000110 5
#72000000
0(
#72020000
b11000111 !
1#
1%
b11000111 &
1(
b11000111 5
#72040000
0(
#72060000
b11001000 !
1#
1%
b11001000 &
1(
b11001000 5
#72080000
0(
#72100000
b11001001 !
1#
1%
b11001001 &
1(
b11001001 5
#72120000
0(
#72140000
b11001010 !
1#
1%
b11001010 &
1(
b11001010 5
#72160000
0(
#72180000
b11001011 !
1#
1%
b11001011 &
1(
b11001011 5
#72200000
0(
#72220000
b11001100 !
1#
1%
b11001100 &
1(
b11001100 5
#72240000
0(
#72260000
b11001101 !
1#
1%
b11001101 &
1(
b11001101 5
#72280000
0(
#72300000
b11001110 !
1#
1%
b11001110 &
1(
b11001110 5
#72320000
0(
#72340000
b11001111 !
1#
1%
b11001111 &
1(
b11001111 5
#72360000
0(
#72380000
b11010000 !
1#
1%
b11010000 &
1(
b11010000 5
#72400000
0(
#72420000
b11010001 !
1#
1%
b11010001 &
1(
b11010001 5
#72440000
0(
#72460000
b11010010 !
1#
1%
b11010010 &
1(
b11010010 5
#72480000
0(
#72500000
b11010011 !
1#
1%
b11010011 &
1(
b11010011 5
#72520000
0(
#72540000
b11010100 !
1#
1%
b11010100 &
1(
b11010100 5
#72560000
0(
#72580000
b11010101 !
1#
1%
b11010101 &
1(
b11010101 5
#72600000
0(
#72620000
b11010110 !
1#
1%
b11010110 &
1(
b11010110 5
#72640000
0(
#72660000
b11010111 !
1#
1%
b11010111 &
1(
b11010111 5
#72680000
0(
#72700000
b11011000 !
1#
1%
b11011000 &
1(
b11011000 5
#72720000
0(
#72740000
b11011001 !
1#
1%
b11011001 &
1(
b11011001 5
#72760000
0(
#72780000
b11011010 !
1#
1%
b11011010 &
1(
b11011010 5
#72800000
0(
#72820000
b11011011 !
1#
1%
b11011011 &
1(
b11011011 5
#72840000
0(
#72860000
b11011100 !
1#
1%
b11011100 &
1(
b11011100 5
#72880000
0(
#72900000
b11011101 !
1#
1%
b11011101 &
1(
b11011101 5
#72920000
0(
#72940000
b11011110 !
1#
1%
b11011110 &
1(
b11011110 5
#72960000
0(
#72980000
b11011111 !
1#
1%
b11011111 &
1(
b11011111 5
#73000000
0(
#73020000
b11100000 !
1#
1%
b11100000 &
1(
b11100000 5
#73040000
0(
#73060000
b11100001 !
1#
1%
b11100001 &
1(
b11100001 5
#73080000
0(
#73100000
b11100010 !
1#
1%
b11100010 &
1(
b11100010 5
#73120000
0(
#73140000
b11100011 !
1#
1%
b11100011 &
1(
b11100011 5
#73160000
0(
#73180000
b11100100 !
1#
1%
b11100100 &
1(
b11100100 5
#73200000
0(
#73220000
b11100101 !
1#
1%
b11100101 &
1(
b11100101 5
#73240000
0(
#73260000
b11100110 !
1#
1%
b11100110 &
1(
b11100110 5
#73280000
0(
#73300000
b11100111 !
1#
1%
b11100111 &
1(
b11100111 5
#73320000
0(
#73340000
b11101000 !
1#
1%
b11101000 &
1(
b11101000 5
#73360000
0(
#73380000
b11101001 !
1#
1%
b11101001 &
1(
b11101001 5
#73400000
0(
#73420000
b11101010 !
1#
1%
b11101010 &
1(
b11101010 5
#73440000
0(
#73460000
b11101011 !
1#
1%
b11101011 &
1(
b11101011 5
#73480000
0(
#73500000
b11101100 !
1#
1%
b11101100 &
1(
b11101100 5
#73520000
0(
#73540000
b11101101 !
1#
1%
b11101101 &
1(
b11101101 5
#73560000
0(
#73580000
b11101110 !
1#
1%
b11101110 &
1(
b11101110 5
#73600000
0(
#73620000
b11101111 !
1#
1%
b11101111 &
1(
b11101111 5
#73640000
0(
#73660000
b11110000 !
1#
1%
b11110000 &
1(
b11110000 5
#73680000
0(
#73700000
b11110001 !
1#
1%
b11110001 &
1(
b11110001 5
#73720000
0(
#73740000
b11110010 !
1#
1%
b11110010 &
1(
b11110010 5
#73760000
0(
#73780000
b11110011 !
1#
1%
b11110011 &
1(
b11110011 5
#73800000
0(
#73820000
b11110100 !
1#
1%
b11110100 &
1(
b11110100 5
#73840000
0(
#73860000
b11110101 !
1#
1%
b11110101 &
1(
b11110101 5
#73880000
0(
#73900000
b11110110 !
1#
1%
b11110110 &
1(
b11110110 5
#73920000
0(
#73940000
b11110111 !
1#
1%
b11110111 &
1(
b11110111 5
#73960000
0(
#73980000
b11111000 !
1#
1%
b11111000 &
1(
b11111000 5
#74000000
0(
#74020000
b11111001 !
1#
1%
b11111001 &
1(
b11111001 5
#74040000
0(
#74060000
b11111010 !
1#
1%
b11111010 &
1(
b11111010 5
#74080000
0(
#74100000
b11111011 !
1#
1%
b11111011 &
1(
b11111011 5
#74120000
0(
#74140000
b11111100 !
1#
1%
b11111100 &
1(
b11111100 5
#74160000
0(
#74180000
b11111101 !
1#
1%
b11111101 &
1(
b11111101 5
#74200000
0(
#74220000
b11111110 !
1#
1%
b11111110 &
1(
b11111110 5
#74240000
0(
#74260000
b11111111 !
1#
1%
b11111111 &
1(
b11111111 5
#74280000
0(
#74300000
b100000000 !
1#
1%
b100000000 &
1(
b100000000 5
#74320000
0(
#74340000
b100000001 !
1#
1%
b100000001 &
1(
b100000001 5
#74360000
0(
#74380000
b100000010 !
1#
1%
b100000010 &
1(
b100000010 5
#74400000
0(
#74420000
b100000011 !
1#
1%
b100000011 &
1(
b100000011 5
#74440000
0(
#74460000
b100000100 !
1#
1%
b100000100 &
1(
b100000100 5
#74480000
0(
#74500000
b100000101 !
1#
1%
b100000101 &
1(
b100000101 5
#74520000
0(
#74540000
b100000110 !
1#
1%
b100000110 &
1(
b100000110 5
#74560000
0(
#74580000
b100000111 !
1#
1%
b100000111 &
1(
b100000111 5
#74600000
0(
#74620000
b100001000 !
1#
1%
b100001000 &
1(
b100001000 5
#74640000
0(
#74660000
b100001001 !
1#
1%
b100001001 &
1(
b100001001 5
#74680000
0(
#74700000
b100001010 !
1#
1%
b100001010 &
1(
b100001010 5
#74720000
0(
#74740000
b100001011 !
1#
1%
b100001011 &
1(
b100001011 5
#74760000
0(
#74780000
b100001100 !
1#
1%
b100001100 &
1(
b100001100 5
#74800000
0(
#74820000
b100001101 !
1#
1%
b100001101 &
1(
b100001101 5
#74840000
0(
#74860000
b100001110 !
1#
1%
b100001110 &
1(
b100001110 5
#74880000
0(
#74900000
b100001111 !
1#
1%
b100001111 &
1(
b100001111 5
#74920000
0(
#74940000
b100010000 !
1#
1%
b100010000 &
1(
b100010000 5
#74960000
0(
#74980000
b100010001 !
1#
1%
b100010001 &
1(
b100010001 5
#75000000
0(
#75020000
b100010010 !
1#
1%
b100010010 &
1(
b100010010 5
#75040000
0(
#75060000
b100010011 !
1#
1%
b100010011 &
1(
b100010011 5
#75080000
0(
#75100000
b100010100 !
1#
1%
b100010100 &
1(
b100010100 5
#75120000
0(
#75140000
b100010101 !
1#
1%
b100010101 &
1(
b100010101 5
#75160000
0(
#75180000
b100010110 !
1#
1%
b100010110 &
1(
b100010110 5
#75200000
0(
#75220000
b100010111 !
1#
1%
b100010111 &
1(
b100010111 5
#75240000
0(
#75260000
b100011000 !
1#
1%
b100011000 &
1(
b100011000 5
#75280000
0(
#75300000
b100011001 !
1#
1%
b100011001 &
1(
b100011001 5
#75320000
0(
#75340000
b100011010 !
1#
1%
b100011010 &
1(
b100011010 5
#75360000
0(
#75380000
b100011011 !
1#
1%
b100011011 &
1(
b100011011 5
#75400000
0(
#75420000
b100011100 !
1#
1%
b100011100 &
1(
b100011100 5
#75440000
0(
#75460000
b100011101 !
1#
1%
b100011101 &
1(
b100011101 5
#75480000
0(
#75500000
b100011110 !
1#
1%
b100011110 &
1(
b100011110 5
#75520000
0(
#75540000
b100011111 !
1#
1%
b100011111 &
1(
b100011111 5
#75560000
0(
#75580000
b100100000 !
1#
1%
b100100000 &
1(
b100100000 5
#75600000
0(
#75620000
b100100001 !
1#
1%
b100100001 &
1(
b100100001 5
#75640000
0(
#75660000
b100100010 !
1#
1%
b100100010 &
1(
b100100010 5
#75680000
0(
#75700000
b100100011 !
1#
1%
b100100011 &
1(
b100100011 5
#75720000
0(
#75740000
b100100100 !
1#
1%
b100100100 &
1(
b100100100 5
#75760000
0(
#75780000
b100100101 !
1#
1%
b100100101 &
1(
b100100101 5
#75800000
0(
#75820000
b100100110 !
1#
1%
b100100110 &
1(
b100100110 5
#75840000
0(
#75860000
b100100111 !
1#
1%
b100100111 &
1(
b100100111 5
#75880000
0(
#75900000
b100101000 !
1#
1%
b100101000 &
1(
b100101000 5
#75920000
0(
#75940000
b100101001 !
1#
1%
b100101001 &
1(
b100101001 5
#75960000
0(
#75980000
b100101010 !
1#
1%
b100101010 &
1(
b100101010 5
#76000000
0(
#76020000
b100101011 !
1#
1%
b100101011 &
1(
b100101011 5
#76040000
0(
#76060000
b100101100 !
1#
1%
b100101100 &
1(
b100101100 5
#76080000
0(
#76100000
b100101101 !
1#
1%
b100101101 &
1(
b100101101 5
#76120000
0(
#76140000
b100101110 !
1#
1%
b100101110 &
1(
b100101110 5
#76160000
0(
#76180000
b100101111 !
1#
1%
b100101111 &
1(
b100101111 5
#76200000
0(
#76220000
b100110000 !
1#
1%
b100110000 &
1(
b100110000 5
#76240000
0(
#76260000
b100110001 !
1#
1%
b100110001 &
1(
b100110001 5
#76280000
0(
#76300000
b100110010 !
1#
1%
b100110010 &
1(
b100110010 5
#76320000
0(
#76340000
b100110011 !
1#
1%
b100110011 &
1(
b100110011 5
#76360000
0(
#76380000
b100110100 !
1#
1%
b100110100 &
1(
b100110100 5
#76400000
0(
#76420000
b100110101 !
1#
1%
b100110101 &
1(
b100110101 5
#76440000
0(
#76460000
b100110110 !
1#
1%
b100110110 &
1(
b100110110 5
#76480000
0(
#76500000
b100110111 !
1#
1%
b100110111 &
1(
b100110111 5
#76520000
0(
#76540000
b100111000 !
1#
1%
b100111000 &
1(
b100111000 5
#76560000
0(
#76580000
b100111001 !
1#
1%
b100111001 &
1(
b100111001 5
#76600000
0(
#76620000
b100111010 !
1#
1%
b100111010 &
1(
b100111010 5
#76640000
0(
#76660000
b100111011 !
1#
1%
b100111011 &
1(
b100111011 5
#76680000
0(
#76700000
b100111100 !
1#
1%
b100111100 &
1(
b100111100 5
#76720000
0(
#76740000
b100111101 !
1#
1%
b100111101 &
1(
b100111101 5
#76760000
0(
#76780000
b100111110 !
1#
1%
b100111110 &
1(
b100111110 5
#76800000
0(
#76820000
b100111111 !
1#
1%
b100111111 &
1(
b100111111 5
#76840000
0(
#76860000
b101000000 !
1#
1%
b101000000 &
1(
b101000000 5
#76880000
0(
#76900000
b101000001 !
1#
1%
b101000001 &
1(
b101000001 5
#76920000
0(
#76940000
b101000010 !
1#
1%
b101000010 &
1(
b101000010 5
#76960000
0(
#76980000
b101000011 !
1#
1%
b101000011 &
1(
b101000011 5
#77000000
0(
#77020000
b101000100 !
1#
1%
b101000100 &
1(
b101000100 5
#77040000
0(
#77060000
b101000101 !
1#
1%
b101000101 &
1(
b101000101 5
#77080000
0(
#77100000
b101000110 !
1#
1%
b101000110 &
1(
b101000110 5
#77120000
0(
#77140000
b101000111 !
1#
1%
b101000111 &
1(
b101000111 5
#77160000
0(
#77180000
b101001000 !
1#
1%
b101001000 &
1(
b101001000 5
#77200000
0(
#77220000
b101001001 !
1#
1%
b101001001 &
1(
b101001001 5
#77240000
0(
#77260000
b101001010 !
1#
1%
b101001010 &
1(
b101001010 5
#77280000
0(
#77300000
b101001011 !
1#
1%
b101001011 &
1(
b101001011 5
#77320000
0(
#77340000
b101001100 !
1#
1%
b101001100 &
1(
b101001100 5
#77360000
0(
#77380000
b101001101 !
1#
1%
b101001101 &
1(
b101001101 5
#77400000
0(
#77420000
b101001110 !
1#
1%
b101001110 &
1(
b101001110 5
#77440000
0(
#77460000
b101001111 !
1#
1%
b101001111 &
1(
b101001111 5
#77480000
0(
#77500000
b101010000 !
1#
1%
b101010000 &
1(
b101010000 5
#77520000
0(
#77540000
b101010001 !
1#
1%
b101010001 &
1(
b101010001 5
#77560000
0(
#77580000
b101010010 !
1#
1%
b101010010 &
1(
b101010010 5
#77600000
0(
#77620000
b101010011 !
1#
1%
b101010011 &
1(
b101010011 5
#77640000
0(
#77660000
b101010100 !
1#
1%
b101010100 &
1(
b101010100 5
#77680000
0(
#77700000
b101010101 !
1#
1%
b101010101 &
1(
b101010101 5
#77720000
0(
#77740000
b101010110 !
1#
1%
b101010110 &
1(
b101010110 5
#77760000
0(
#77780000
b101010111 !
1#
1%
b101010111 &
1(
b101010111 5
#77800000
0(
#77820000
b101011000 !
1#
1%
b101011000 &
1(
b101011000 5
#77840000
0(
#77860000
b101011001 !
1#
1%
b101011001 &
1(
b101011001 5
#77880000
0(
#77900000
b101011010 !
1#
1%
b101011010 &
1(
b101011010 5
#77920000
0(
#77940000
b101011011 !
1#
1%
b101011011 &
1(
b101011011 5
#77960000
0(
#77980000
b101011100 !
1#
1%
b101011100 &
1(
b101011100 5
#78000000
0(
#78020000
b101011101 !
1#
1%
b101011101 &
1(
b101011101 5
#78040000
0(
#78060000
b101011110 !
1#
1%
b101011110 &
1(
b101011110 5
#78080000
0(
#78100000
b101011111 !
1#
1%
b101011111 &
1(
b101011111 5
#78120000
0(
#78140000
b101100000 !
1#
1%
b101100000 &
1(
b101100000 5
#78160000
0(
#78180000
b101100001 !
1#
1%
b101100001 &
1(
b101100001 5
#78200000
0(
#78220000
b101100010 !
1#
1%
b101100010 &
1(
b101100010 5
#78240000
0(
#78260000
b101100011 !
1#
1%
b101100011 &
1(
b101100011 5
#78280000
0(
#78300000
b101100100 !
1#
1%
b101100100 &
1(
b101100100 5
#78320000
0(
#78340000
b101100101 !
1#
1%
b101100101 &
1(
b101100101 5
#78360000
0(
#78380000
b101100110 !
1#
1%
b101100110 &
1(
b101100110 5
#78400000
0(
#78420000
b101100111 !
1#
1%
b101100111 &
1(
b101100111 5
#78440000
0(
#78460000
b101101000 !
1#
1%
b101101000 &
1(
b101101000 5
#78480000
0(
#78500000
b101101001 !
1#
1%
b101101001 &
1(
b101101001 5
#78520000
0(
#78540000
b101101010 !
1#
1%
b101101010 &
1(
b101101010 5
#78560000
0(
#78580000
b101101011 !
1#
1%
b101101011 &
1(
b101101011 5
#78600000
0(
#78620000
b101101100 !
1#
1%
b101101100 &
1(
b101101100 5
#78640000
0(
#78660000
b101101101 !
1#
1%
b101101101 &
1(
b101101101 5
#78680000
0(
#78700000
b101101110 !
1#
1%
b101101110 &
1(
b101101110 5
#78720000
0(
#78740000
b101101111 !
1#
1%
b101101111 &
1(
b101101111 5
#78760000
0(
#78780000
b101110000 !
1#
1%
b101110000 &
1(
b101110000 5
#78800000
0(
#78820000
b101110001 !
1#
1%
b101110001 &
1(
b101110001 5
#78840000
0(
#78860000
b101110010 !
1#
1%
b101110010 &
1(
b101110010 5
#78880000
0(
#78900000
b101110011 !
1#
1%
b101110011 &
1(
b101110011 5
#78920000
0(
#78940000
b101110100 !
1#
1%
b101110100 &
1(
b101110100 5
#78960000
0(
#78980000
b101110101 !
1#
1%
b101110101 &
1(
b101110101 5
#79000000
0(
#79020000
b101110110 !
1#
1%
b101110110 &
1(
b101110110 5
#79040000
0(
#79060000
b101110111 !
1#
1%
b101110111 &
1(
b101110111 5
#79080000
0(
#79100000
b101111000 !
1#
1%
b101111000 &
1(
b101111000 5
#79120000
0(
#79140000
b101111001 !
1#
1%
b101111001 &
1(
b101111001 5
#79160000
0(
#79180000
b101111010 !
1#
1%
b101111010 &
1(
b101111010 5
#79200000
0(
#79220000
b101111011 !
1#
1%
b101111011 &
1(
b101111011 5
#79240000
0(
#79260000
b101111100 !
1#
1%
b101111100 &
1(
b101111100 5
#79280000
0(
#79300000
b101111101 !
1#
1%
b101111101 &
1(
b101111101 5
#79320000
0(
#79340000
b101111110 !
1#
1%
b101111110 &
1(
b101111110 5
#79360000
0(
#79380000
b101111111 !
1#
1%
b101111111 &
1(
b101111111 5
#79400000
0(
#79420000
b110000000 !
1#
1%
b110000000 &
1(
b110000000 5
#79440000
0(
#79460000
b110000001 !
1#
1%
b110000001 &
1(
b110000001 5
#79480000
0(
#79500000
b110000010 !
1#
1%
b110000010 &
1(
b110000010 5
#79520000
0(
#79540000
b110000011 !
1#
1%
b110000011 &
1(
b110000011 5
#79560000
0(
#79580000
b110000100 !
1#
1%
b110000100 &
1(
b110000100 5
#79600000
0(
#79620000
b110000101 !
1#
1%
b110000101 &
1(
b110000101 5
#79640000
0(
#79660000
b110000110 !
1#
1%
b110000110 &
1(
b110000110 5
#79680000
0(
#79700000
b110000111 !
1#
1%
b110000111 &
1(
b110000111 5
#79720000
0(
#79740000
b110001000 !
1#
1%
b110001000 &
1(
b110001000 5
#79760000
0(
#79780000
b110001001 !
1#
1%
b110001001 &
1(
b110001001 5
#79800000
0(
#79820000
b110001010 !
1#
1%
b110001010 &
1(
b110001010 5
#79840000
0(
#79860000
b110001011 !
1#
1%
b110001011 &
1(
b110001011 5
#79880000
0(
#79900000
b110001100 !
1#
1%
b110001100 &
1(
b110001100 5
#79920000
0(
#79940000
b110001101 !
1#
1%
b110001101 &
1(
b110001101 5
#79960000
0(
#79980000
b110001110 !
1#
1%
b110001110 &
1(
b110001110 5
#80000000
0(
#80020000
b110001111 !
1#
1%
b110001111 &
1(
b110001111 5
#80040000
0(
#80060000
b110010000 !
1#
1%
b110010000 &
1(
b110010000 5
#80080000
0(
#80100000
b110010001 !
1#
1%
b110010001 &
1(
b110010001 5
#80120000
0(
#80140000
b110010010 !
1#
1%
b110010010 &
1(
b110010010 5
#80160000
0(
#80180000
b110010011 !
1#
1%
b110010011 &
1(
b110010011 5
#80200000
0(
#80220000
b110010100 !
1#
1%
b110010100 &
1(
b110010100 5
#80240000
0(
#80260000
b110010101 !
1#
1%
b110010101 &
1(
b110010101 5
#80280000
0(
#80300000
b110010110 !
1#
1%
b110010110 &
1(
b110010110 5
#80320000
0(
#80340000
b110010111 !
1#
1%
b110010111 &
1(
b110010111 5
#80360000
0(
#80380000
b110011000 !
1#
1%
b110011000 &
1(
b110011000 5
#80400000
0(
#80420000
b110011001 !
1#
1%
b110011001 &
1(
b110011001 5
#80440000
0(
#80460000
b110011010 !
1#
1%
b110011010 &
1(
b110011010 5
#80480000
0(
#80500000
b110011011 !
1#
1%
b110011011 &
1(
b110011011 5
#80520000
0(
#80540000
b110011100 !
1#
1%
b110011100 &
1(
b110011100 5
#80560000
0(
#80580000
b110011101 !
1#
1%
b110011101 &
1(
b110011101 5
#80600000
0(
#80620000
b110011110 !
1#
1%
b110011110 &
1(
b110011110 5
#80640000
0(
#80660000
b110011111 !
1#
1%
b110011111 &
1(
b110011111 5
#80680000
0(
#80700000
b110100000 !
1#
1%
b110100000 &
1(
b110100000 5
#80720000
0(
#80740000
b110100001 !
1#
1%
b110100001 &
1(
b110100001 5
#80760000
0(
#80780000
b110100010 !
1#
1%
b110100010 &
1(
b110100010 5
#80800000
0(
#80820000
b110100011 !
1#
1%
b110100011 &
1(
b110100011 5
#80840000
0(
#80860000
b110100100 !
1#
1%
b110100100 &
1(
b110100100 5
#80880000
0(
#80900000
b110100101 !
1#
1%
b110100101 &
1(
b110100101 5
#80920000
0(
#80940000
b110100110 !
1#
1%
b110100110 &
1(
b110100110 5
#80960000
0(
#80980000
b110100111 !
1#
1%
b110100111 &
1(
b110100111 5
#81000000
0(
#81020000
b110101000 !
1#
1%
b110101000 &
1(
b110101000 5
#81040000
0(
#81060000
b110101001 !
1#
1%
b110101001 &
1(
b110101001 5
#81080000
0(
#81100000
b110101010 !
1#
1%
b110101010 &
1(
b110101010 5
#81120000
0(
#81140000
b110101011 !
1#
1%
b110101011 &
1(
b110101011 5
#81160000
0(
#81180000
b110101100 !
1#
1%
b110101100 &
1(
b110101100 5
#81200000
0(
#81220000
b110101101 !
1#
1%
b110101101 &
1(
b110101101 5
#81240000
0(
#81260000
b110101110 !
1#
1%
b110101110 &
1(
b110101110 5
#81280000
0(
#81300000
b110101111 !
1#
1%
b110101111 &
1(
b110101111 5
#81320000
0(
#81340000
b110110000 !
1#
1%
b110110000 &
1(
b110110000 5
#81360000
0(
#81380000
b110110001 !
1#
1%
b110110001 &
1(
b110110001 5
#81400000
0(
#81420000
b110110010 !
1#
1%
b110110010 &
1(
b110110010 5
#81440000
0(
#81460000
b110110011 !
1#
1%
b110110011 &
1(
b110110011 5
#81480000
0(
#81500000
b110110100 !
1#
1%
b110110100 &
1(
b110110100 5
#81520000
0(
#81540000
b110110101 !
1#
1%
b110110101 &
1(
b110110101 5
#81560000
0(
#81580000
b110110110 !
1#
1%
b110110110 &
1(
b110110110 5
#81600000
0(
#81620000
b110110111 !
1#
1%
b110110111 &
1(
b110110111 5
#81640000
0(
#81660000
b110111000 !
1#
1%
b110111000 &
1(
b110111000 5
#81680000
0(
#81700000
b110111001 !
1#
1%
b110111001 &
1(
b110111001 5
#81720000
0(
#81740000
b110111010 !
1#
1%
b110111010 &
1(
b110111010 5
#81760000
0(
#81780000
b110111011 !
1#
1%
b110111011 &
1(
b110111011 5
#81800000
0(
#81820000
b110111100 !
1#
1%
b110111100 &
1(
b110111100 5
#81840000
0(
#81860000
b110111101 !
1#
1%
b110111101 &
1(
b110111101 5
#81880000
0(
#81900000
b110111110 !
1#
1%
b110111110 &
1(
b110111110 5
#81920000
0(
#81940000
b110111111 !
1#
1%
b110111111 &
1(
b110111111 5
#81960000
0(
#81980000
b111000000 !
1#
1%
b111000000 &
1(
b111000000 5
#82000000
0(
#82020000
b111000001 !
1#
1%
b111000001 &
1(
b111000001 5
#82040000
0(
#82060000
b111000010 !
1#
1%
b111000010 &
1(
b111000010 5
#82080000
0(
#82100000
b111000011 !
1#
1%
b111000011 &
1(
b111000011 5
#82120000
0(
#82140000
b111000100 !
1#
1%
b111000100 &
1(
b111000100 5
#82160000
0(
#82180000
b111000101 !
1#
1%
b111000101 &
1(
b111000101 5
#82200000
0(
#82220000
b111000110 !
1#
1%
b111000110 &
1(
b111000110 5
#82240000
0(
#82260000
b111000111 !
1#
1%
b111000111 &
1(
b111000111 5
#82280000
0(
#82300000
b111001000 !
1#
1%
b111001000 &
1(
b111001000 5
#82320000
0(
#82340000
b111001001 !
1#
1%
b111001001 &
1(
b111001001 5
#82360000
0(
#82380000
b111001010 !
1#
1%
b111001010 &
1(
b111001010 5
#82400000
0(
#82420000
b111001011 !
1#
1%
b111001011 &
1(
b111001011 5
#82440000
0(
#82460000
b111001100 !
1#
1%
b111001100 &
1(
b111001100 5
#82480000
0(
#82500000
b111001101 !
1#
1%
b111001101 &
1(
b111001101 5
#82520000
0(
#82540000
b111001110 !
1#
1%
b111001110 &
1(
b111001110 5
#82560000
0(
#82580000
b111001111 !
1#
1%
b111001111 &
1(
b111001111 5
#82600000
0(
#82620000
b111010000 !
1#
1%
b111010000 &
1(
b111010000 5
#82640000
0(
#82660000
b111010001 !
1#
1%
b111010001 &
1(
b111010001 5
#82680000
0(
#82700000
b111010010 !
1#
1%
b111010010 &
1(
b111010010 5
#82720000
0(
#82740000
b111010011 !
1#
1%
b111010011 &
1(
b111010011 5
#82760000
0(
#82780000
b111010100 !
1#
1%
b111010100 &
1(
b111010100 5
#82800000
0(
#82820000
b111010101 !
1#
1%
b111010101 &
1(
b111010101 5
#82840000
0(
#82860000
b111010110 !
1#
1%
b111010110 &
1(
b111010110 5
#82880000
0(
#82900000
b111010111 !
1#
1%
b111010111 &
1(
b111010111 5
#82920000
0(
#82940000
b111011000 !
1#
1%
b111011000 &
1(
b111011000 5
#82960000
0(
#82980000
b111011001 !
1#
1%
b111011001 &
1(
b111011001 5
#83000000
0(
#83020000
b111011010 !
1#
1%
b111011010 &
1(
b111011010 5
#83040000
0(
#83060000
b111011011 !
1#
1%
b111011011 &
1(
b111011011 5
#83080000
0(
#83100000
b111011100 !
1#
1%
b111011100 &
1(
b111011100 5
#83120000
0(
#83140000
b111011101 !
1#
1%
b111011101 &
1(
b111011101 5
#83160000
0(
#83180000
b111011110 !
1#
1%
b111011110 &
1(
b111011110 5
#83200000
0(
#83220000
b111011111 !
1#
1%
b111011111 &
1(
b111011111 5
#83240000
0(
#83260000
b111100000 !
1#
1%
b111100000 &
1(
b111100000 5
#83280000
0(
#83300000
b111100001 !
1#
1%
b111100001 &
1(
b111100001 5
#83320000
0(
#83340000
b111100010 !
1#
1%
b111100010 &
1(
b111100010 5
#83360000
0(
#83380000
b111100011 !
1#
1%
b111100011 &
1(
b111100011 5
#83400000
0(
#83420000
b111100100 !
1#
1%
b111100100 &
1(
b111100100 5
#83440000
0(
#83460000
b111100101 !
1#
1%
b111100101 &
1(
b111100101 5
#83480000
0(
#83500000
b111100110 !
1#
1%
b111100110 &
1(
b111100110 5
#83520000
0(
#83540000
b111100111 !
1#
1%
b111100111 &
1(
b111100111 5
#83560000
0(
#83580000
b111101000 !
1#
1%
b111101000 &
1(
b111101000 5
#83600000
0(
#83620000
b111101001 !
1#
1%
b111101001 &
1(
b111101001 5
#83640000
0(
#83660000
b111101010 !
1#
1%
b111101010 &
1(
b111101010 5
#83680000
0(
#83700000
b111101011 !
1#
1%
b111101011 &
1(
b111101011 5
#83720000
0(
#83740000
b111101100 !
1#
1%
b111101100 &
1(
b111101100 5
#83760000
0(
#83780000
b111101101 !
1#
1%
b111101101 &
1(
b111101101 5
#83800000
0(
#83820000
b111101110 !
1#
1%
b111101110 &
1(
b111101110 5
#83840000
0(
#83860000
b111101111 !
1#
1%
b111101111 &
1(
b111101111 5
#83880000
0(
#83900000
b111110000 !
1#
1%
b111110000 &
1(
b111110000 5
#83920000
0(
#83940000
b111110001 !
1#
1%
b111110001 &
1(
b111110001 5
#83960000
0(
#83980000
b111110010 !
1#
1%
b111110010 &
1(
b111110010 5
#84000000
0(
#84020000
b111110011 !
1#
1%
b111110011 &
1(
b111110011 5
#84040000
0(
#84060000
b111110100 !
1#
1%
b111110100 &
1(
b111110100 5
#84080000
0(
#84100000
b111110101 !
1#
1%
b111110101 &
1(
b111110101 5
#84120000
0(
#84140000
b111110110 !
1#
1%
b111110110 &
1(
b111110110 5
#84160000
0(
#84180000
b111110111 !
1#
1%
b111110111 &
1(
b111110111 5
#84200000
0(
#84220000
b111111000 !
1#
1%
b111111000 &
1(
b111111000 5
#84240000
0(
#84260000
b111111001 !
1#
1%
b111111001 &
1(
b111111001 5
#84280000
0(
#84300000
b111111010 !
1#
1%
b111111010 &
1(
b111111010 5
#84320000
0(
#84340000
b111111011 !
1#
1%
b111111011 &
1(
b111111011 5
#84360000
0(
#84380000
b111111100 !
1#
1%
b111111100 &
1(
b111111100 5
#84400000
0(
#84420000
b111111101 !
1#
1%
b111111101 &
1(
b111111101 5
#84440000
0(
#84460000
b111111110 !
1#
1%
b111111110 &
1(
b111111110 5
#84480000
0(
#84500000
b111111111 !
1#
1%
b111111111 &
1(
b111111111 5
#84520000
0(
#84540000
b1000000000 !
1#
1%
b1000000000 &
1(
b1000000000 5
#84560000
0(
#84580000
b1000000001 !
1#
1%
b1000000001 &
1(
b1000000001 5
#84600000
0(
#84620000
b1000000010 !
1#
1%
b1000000010 &
1(
b1000000010 5
#84640000
0(
#84660000
b1000000011 !
1#
1%
b1000000011 &
1(
b1000000011 5
#84680000
0(
#84700000
b1000000100 !
1#
1%
b1000000100 &
1(
b1000000100 5
#84720000
0(
#84740000
b1000000101 !
1#
1%
b1000000101 &
1(
b1000000101 5
#84760000
0(
#84780000
b1000000110 !
1#
1%
b1000000110 &
1(
b1000000110 5
#84800000
0(
#84820000
b1000000111 !
1#
1%
b1000000111 &
1(
b1000000111 5
#84840000
0(
#84860000
b1000001000 !
1#
1%
b1000001000 &
1(
b1000001000 5
#84880000
0(
#84900000
b1000001001 !
1#
1%
b1000001001 &
1(
b1000001001 5
#84920000
0(
#84940000
b1000001010 !
1#
1%
b1000001010 &
1(
b1000001010 5
#84960000
0(
#84980000
b1000001011 !
1#
1%
b1000001011 &
1(
b1000001011 5
#85000000
0(
#85020000
b1000001100 !
1#
1%
b1000001100 &
1(
b1000001100 5
#85040000
0(
#85060000
b1000001101 !
1#
1%
b1000001101 &
1(
b1000001101 5
#85080000
0(
#85100000
b1000001110 !
1#
1%
b1000001110 &
1(
b1000001110 5
#85120000
0(
#85140000
b1000001111 !
1#
1%
b1000001111 &
1(
b1000001111 5
#85160000
0(
#85180000
b1000010000 !
1#
1%
b1000010000 &
1(
b1000010000 5
#85200000
0(
#85220000
b1000010001 !
1#
1%
b1000010001 &
1(
b1000010001 5
#85240000
0(
#85260000
b1000010010 !
1#
1%
b1000010010 &
1(
b1000010010 5
#85280000
0(
#85300000
b1000010011 !
1#
1%
b1000010011 &
1(
b1000010011 5
#85320000
0(
#85340000
b1000010100 !
1#
1%
b1000010100 &
1(
b1000010100 5
#85360000
0(
#85380000
b1000010101 !
1#
1%
b1000010101 &
1(
b1000010101 5
#85400000
0(
#85420000
b1000010110 !
1#
1%
b1000010110 &
1(
b1000010110 5
#85440000
0(
#85460000
b1000010111 !
1#
1%
b1000010111 &
1(
b1000010111 5
#85480000
0(
#85500000
b1000011000 !
1#
1%
b1000011000 &
1(
b1000011000 5
#85520000
0(
#85540000
b1000011001 !
1#
1%
b1000011001 &
1(
b1000011001 5
#85560000
0(
#85580000
b1000011010 !
1#
1%
b1000011010 &
1(
b1000011010 5
#85600000
0(
#85620000
b1000011011 !
1#
1%
b1000011011 &
1(
b1000011011 5
#85640000
0(
#85660000
b1000011100 !
1#
1%
b1000011100 &
1(
b1000011100 5
#85680000
0(
#85700000
b1000011101 !
1#
1%
b1000011101 &
1(
b1000011101 5
#85720000
0(
#85740000
b1000011110 !
1#
1%
b1000011110 &
1(
b1000011110 5
#85760000
0(
#85780000
b1000011111 !
1#
1%
b1000011111 &
1(
b1000011111 5
#85800000
0(
#85820000
b1000100000 !
1#
1%
b1000100000 &
1(
b1000100000 5
#85840000
0(
#85860000
b1000100001 !
1#
1%
b1000100001 &
1(
b1000100001 5
#85880000
0(
#85900000
b1000100010 !
1#
1%
b1000100010 &
1(
b1000100010 5
#85920000
0(
#85940000
b1000100011 !
1#
1%
b1000100011 &
1(
b1000100011 5
#85960000
0(
#85980000
b1000100100 !
1#
1%
b1000100100 &
1(
b1000100100 5
#86000000
0(
#86020000
b1000100101 !
1#
1%
b1000100101 &
1(
b1000100101 5
#86040000
0(
#86060000
b1000100110 !
1#
1%
b1000100110 &
1(
b1000100110 5
#86080000
0(
#86100000
b1000100111 !
1#
1%
b1000100111 &
1(
b1000100111 5
#86120000
0(
#86140000
b1000101000 !
1#
1%
b1000101000 &
1(
b1000101000 5
#86160000
0(
#86180000
b1000101001 !
1#
1%
b1000101001 &
1(
b1000101001 5
#86200000
0(
#86220000
b1000101010 !
1#
1%
b1000101010 &
1(
b1000101010 5
#86240000
0(
#86260000
b1000101011 !
1#
1%
b1000101011 &
1(
b1000101011 5
#86280000
0(
#86300000
b1000101100 !
1#
1%
b1000101100 &
1(
b1000101100 5
#86320000
0(
#86340000
b1000101101 !
1#
1%
b1000101101 &
1(
b1000101101 5
#86360000
0(
#86380000
b1000101110 !
1#
1%
b1000101110 &
1(
b1000101110 5
#86400000
0(
#86420000
b1000101111 !
1#
1%
b1000101111 &
1(
b1000101111 5
#86440000
0(
#86460000
b1000110000 !
1#
1%
b1000110000 &
1(
b1000110000 5
#86480000
0(
#86500000
b1000110001 !
1#
1%
b1000110001 &
1(
b1000110001 5
#86520000
0(
#86540000
b1000110010 !
1#
1%
b1000110010 &
1(
b1000110010 5
#86560000
0(
#86580000
b1000110011 !
1#
1%
b1000110011 &
1(
b1000110011 5
#86600000
0(
#86620000
b1000110100 !
1#
1%
b1000110100 &
1(
b1000110100 5
#86640000
0(
#86660000
b1000110101 !
1#
1%
b1000110101 &
1(
b1000110101 5
#86680000
0(
#86700000
b1000110110 !
1#
1%
b1000110110 &
1(
b1000110110 5
#86720000
0(
#86740000
b1000110111 !
1#
1%
b1000110111 &
1(
b1000110111 5
#86760000
0(
#86780000
b1000111000 !
1#
1%
b1000111000 &
1(
b1000111000 5
#86800000
0(
#86820000
b1000111001 !
1#
1%
b1000111001 &
1(
b1000111001 5
#86840000
0(
#86860000
b1000111010 !
1#
1%
b1000111010 &
1(
b1000111010 5
#86880000
0(
#86900000
b1000111011 !
1#
1%
b1000111011 &
1(
b1000111011 5
#86920000
0(
#86940000
b1000111100 !
1#
1%
b1000111100 &
1(
b1000111100 5
#86960000
0(
#86980000
b1000111101 !
1#
1%
b1000111101 &
1(
b1000111101 5
#87000000
0(
#87020000
b1000111110 !
1#
1%
b1000111110 &
1(
b1000111110 5
#87040000
0(
#87060000
b1000111111 !
1#
1%
b1000111111 &
1(
b1000111111 5
#87080000
0(
#87100000
b1001000000 !
1#
1%
b1001000000 &
1(
b1001000000 5
#87120000
0(
#87140000
b1001000001 !
1#
1%
b1001000001 &
1(
b1001000001 5
#87160000
0(
#87180000
b1001000010 !
1#
1%
b1001000010 &
1(
b1001000010 5
#87200000
0(
#87220000
b1001000011 !
1#
1%
b1001000011 &
1(
b1001000011 5
#87240000
0(
#87260000
b1001000100 !
1#
1%
b1001000100 &
1(
b1001000100 5
#87280000
0(
#87300000
b1001000101 !
1#
1%
b1001000101 &
1(
b1001000101 5
#87320000
0(
#87340000
b1001000110 !
1#
1%
b1001000110 &
1(
b1001000110 5
#87360000
0(
#87380000
b1001000111 !
1#
1%
b1001000111 &
1(
b1001000111 5
#87400000
0(
#87420000
b1001001000 !
1#
1%
b1001001000 &
1(
b1001001000 5
#87440000
0(
#87460000
b1001001001 !
1#
1%
b1001001001 &
1(
b1001001001 5
#87480000
0(
#87500000
b1001001010 !
1#
1%
b1001001010 &
1(
b1001001010 5
#87520000
0(
#87540000
b1001001011 !
1#
1%
b1001001011 &
1(
b1001001011 5
#87560000
0(
#87580000
b1001001100 !
1#
1%
b1001001100 &
1(
b1001001100 5
#87600000
0(
#87620000
b1001001101 !
1#
1%
b1001001101 &
1(
b1001001101 5
#87640000
0(
#87660000
b1001001110 !
1#
1%
b1001001110 &
1(
b1001001110 5
#87680000
0(
#87700000
b1001001111 !
1#
1%
b1001001111 &
1(
b1001001111 5
#87720000
0(
#87740000
b1001010000 !
1#
1%
b1001010000 &
1(
b1001010000 5
#87760000
0(
#87780000
b1001010001 !
1#
1%
b1001010001 &
1(
b1001010001 5
#87800000
0(
#87820000
b1001010010 !
1#
1%
b1001010010 &
1(
b1001010010 5
#87840000
0(
#87860000
b1001010011 !
1#
1%
b1001010011 &
1(
b1001010011 5
#87880000
0(
#87900000
b1001010100 !
1#
1%
b1001010100 &
1(
b1001010100 5
#87920000
0(
#87940000
b1001010101 !
1#
1%
b1001010101 &
1(
b1001010101 5
#87960000
0(
#87980000
b1001010110 !
1#
1%
b1001010110 &
1(
b1001010110 5
#88000000
0(
#88020000
b1001010111 !
1#
1%
b1001010111 &
1(
b1001010111 5
#88040000
0(
#88060000
b1001011000 !
1#
1%
b1001011000 &
1(
b1001011000 5
#88080000
0(
#88100000
b1001011001 !
1#
1%
b1001011001 &
1(
b1001011001 5
#88120000
0(
#88140000
b1001011010 !
1#
1%
b1001011010 &
1(
b1001011010 5
#88160000
0(
#88180000
b1001011011 !
1#
1%
b1001011011 &
1(
b1001011011 5
#88200000
0(
#88220000
b1001011100 !
1#
1%
b1001011100 &
1(
b1001011100 5
#88240000
0(
#88260000
b1001011101 !
1#
1%
b1001011101 &
1(
b1001011101 5
#88280000
0(
#88300000
b1001011110 !
1#
1%
b1001011110 &
1(
b1001011110 5
#88320000
0(
#88340000
b1001011111 !
1#
1%
b1001011111 &
1(
b1001011111 5
#88360000
0(
#88380000
b1001100000 !
1#
1%
b1001100000 &
1(
b1001100000 5
#88400000
0(
#88420000
b1001100001 !
1#
1%
b1001100001 &
1(
b1001100001 5
#88440000
0(
#88460000
b1001100010 !
1#
1%
b1001100010 &
1(
b1001100010 5
#88480000
0(
#88500000
b1001100011 !
1#
1%
b1001100011 &
1(
b1001100011 5
#88520000
0(
#88540000
b1001100100 !
1#
1%
b1001100100 &
1(
b1001100100 5
#88560000
0(
#88580000
b1001100101 !
1#
1%
b1001100101 &
1(
b1001100101 5
#88600000
0(
#88620000
b1001100110 !
1#
1%
b1001100110 &
1(
b1001100110 5
#88640000
0(
#88660000
b1001100111 !
1#
1%
b1001100111 &
1(
b1001100111 5
#88680000
0(
#88700000
b1001101000 !
1#
1%
b1001101000 &
1(
b1001101000 5
#88720000
0(
#88740000
b1001101001 !
1#
1%
b1001101001 &
1(
b1001101001 5
#88760000
0(
#88780000
b1001101010 !
1#
1%
b1001101010 &
1(
b1001101010 5
#88800000
0(
#88820000
b1001101011 !
1#
1%
b1001101011 &
1(
b1001101011 5
#88840000
0(
#88860000
b1001101100 !
1#
1%
b1001101100 &
1(
b1001101100 5
#88880000
0(
#88900000
b1001101101 !
1#
1%
b1001101101 &
1(
b1001101101 5
#88920000
0(
#88940000
b1001101110 !
1#
1%
b1001101110 &
1(
b1001101110 5
#88960000
0(
#88980000
b1001101111 !
1#
1%
b1001101111 &
1(
b1001101111 5
#89000000
0(
#89020000
b1001110000 !
1#
1%
b1001110000 &
1(
b1001110000 5
#89040000
0(
#89060000
b1001110001 !
1#
1%
b1001110001 &
1(
b1001110001 5
#89080000
0(
#89100000
b1001110010 !
1#
1%
b1001110010 &
1(
b1001110010 5
#89120000
0(
#89140000
b1001110011 !
1#
1%
b1001110011 &
1(
b1001110011 5
#89160000
0(
#89180000
b1001110100 !
1#
1%
b1001110100 &
1(
b1001110100 5
#89200000
0(
#89220000
b1001110101 !
1#
1%
b1001110101 &
1(
b1001110101 5
#89240000
0(
#89260000
b1001110110 !
1#
1%
b1001110110 &
1(
b1001110110 5
#89280000
0(
#89300000
b1001110111 !
1#
1%
b1001110111 &
1(
b1001110111 5
#89320000
0(
#89340000
b1001111000 !
1#
1%
b1001111000 &
1(
b1001111000 5
#89360000
0(
#89380000
b1001111001 !
1#
1%
b1001111001 &
1(
b1001111001 5
#89400000
0(
#89420000
b1001111010 !
1#
1%
b1001111010 &
1(
b1001111010 5
#89440000
0(
#89460000
b1001111011 !
1#
1%
b1001111011 &
1(
b1001111011 5
#89480000
0(
#89500000
b1001111100 !
1#
1%
b1001111100 &
1(
b1001111100 5
#89520000
0(
#89540000
b1001111101 !
1#
1%
b1001111101 &
1(
b1001111101 5
#89560000
0(
#89580000
b1001111110 !
1#
1%
b1001111110 &
1(
b1001111110 5
#89600000
0(
#89620000
b1001111111 !
1#
1%
b1001111111 &
1(
b1001111111 5
#89640000
0(
#89660000
b1010000000 !
1#
0%
b1010000000 &
1(
b1010000000 5
#89680000
0(
#89700000
b1010000001 !
1#
0%
b1010000001 &
1(
b1010000001 5
#89720000
0(
#89740000
b1010000010 !
1#
0%
b1010000010 &
1(
b1010000010 5
#89760000
0(
#89780000
b1010000011 !
1#
0%
b1010000011 &
1(
b1010000011 5
#89800000
0(
#89820000
b1010000100 !
1#
0%
b1010000100 &
1(
b1010000100 5
#89840000
0(
#89860000
b1010000101 !
1#
0%
b1010000101 &
1(
b1010000101 5
#89880000
0(
#89900000
b1010000110 !
1#
0%
b1010000110 &
1(
b1010000110 5
#89920000
0(
#89940000
b1010000111 !
1#
0%
b1010000111 &
1(
b1010000111 5
#89960000
0(
#89980000
b1010001000 !
1#
0%
b1010001000 &
1(
b1010001000 5
#90000000
0(
#90020000
b1010001001 !
1#
0%
b1010001001 &
1(
b1010001001 5
#90040000
0(
#90060000
b1010001010 !
1#
0%
b1010001010 &
1(
b1010001010 5
#90080000
0(
#90100000
b1010001011 !
1#
0%
b1010001011 &
1(
b1010001011 5
#90120000
0(
#90140000
b1010001100 !
1#
0%
b1010001100 &
1(
b1010001100 5
#90160000
0(
#90180000
b1010001101 !
1#
0%
b1010001101 &
1(
b1010001101 5
#90200000
0(
#90220000
b1010001110 !
1#
0%
b1010001110 &
1(
b1010001110 5
#90240000
0(
#90260000
b1010001111 !
1#
0%
b1010001111 &
1(
b1010001111 5
#90280000
0(
#90300000
b1010010000 !
0#
0%
b1010010000 &
1(
b1010010000 5
#90320000
0(
#90340000
b1010010001 !
0#
0%
b1010010001 &
1(
b1010010001 5
#90360000
0(
#90380000
b1010010010 !
0#
0%
b1010010010 &
1(
b1010010010 5
#90400000
0(
#90420000
b1010010011 !
0#
0%
b1010010011 &
1(
b1010010011 5
#90440000
0(
#90460000
b1010010100 !
0#
0%
b1010010100 &
1(
b1010010100 5
#90480000
0(
#90500000
b1010010101 !
0#
0%
b1010010101 &
1(
b1010010101 5
#90520000
0(
#90540000
b1010010110 !
0#
0%
b1010010110 &
1(
b1010010110 5
#90560000
0(
#90580000
b1010010111 !
0#
0%
b1010010111 &
1(
b1010010111 5
#90600000
0(
#90620000
b1010011000 !
0#
0%
b1010011000 &
1(
b1010011000 5
#90640000
0(
#90660000
b1010011001 !
0#
0%
b1010011001 &
1(
b1010011001 5
#90680000
0(
#90700000
b1010011010 !
0#
0%
b1010011010 &
1(
b1010011010 5
#90720000
0(
#90740000
b1010011011 !
0#
0%
b1010011011 &
1(
b1010011011 5
#90760000
0(
#90780000
b1010011100 !
0#
0%
b1010011100 &
1(
b1010011100 5
#90800000
0(
#90820000
b1010011101 !
0#
0%
b1010011101 &
1(
b1010011101 5
#90840000
0(
#90860000
b1010011110 !
0#
0%
b1010011110 &
1(
b1010011110 5
#90880000
0(
#90900000
b1010011111 !
0#
0%
b1010011111 &
1(
b1010011111 5
#90920000
0(
#90940000
b1010100000 !
0#
0%
b1010100000 &
1(
b1010100000 5
#90960000
0(
#90980000
b1010100001 !
0#
0%
b1010100001 &
1(
b1010100001 5
#91000000
0(
#91020000
b1010100010 !
0#
0%
b1010100010 &
1(
b1010100010 5
#91040000
0(
#91060000
b1010100011 !
0#
0%
b1010100011 &
1(
b1010100011 5
#91080000
0(
#91100000
b1010100100 !
0#
0%
b1010100100 &
1(
b1010100100 5
#91120000
0(
#91140000
b1010100101 !
0#
0%
b1010100101 &
1(
b1010100101 5
#91160000
0(
#91180000
b1010100110 !
0#
0%
b1010100110 &
1(
b1010100110 5
#91200000
0(
#91220000
b1010100111 !
0#
0%
b1010100111 &
1(
b1010100111 5
#91240000
0(
#91260000
b1010101000 !
0#
0%
b1010101000 &
1(
b1010101000 5
#91280000
0(
#91300000
b1010101001 !
0#
0%
b1010101001 &
1(
b1010101001 5
#91320000
0(
#91340000
b1010101010 !
0#
0%
b1010101010 &
1(
b1010101010 5
#91360000
0(
#91380000
b1010101011 !
0#
0%
b1010101011 &
1(
b1010101011 5
#91400000
0(
#91420000
b1010101100 !
0#
0%
b1010101100 &
1(
b1010101100 5
#91440000
0(
#91460000
b1010101101 !
0#
0%
b1010101101 &
1(
b1010101101 5
#91480000
0(
#91500000
b1010101110 !
0#
0%
b1010101110 &
1(
b1010101110 5
#91520000
0(
#91540000
b1010101111 !
0#
0%
b1010101111 &
1(
b1010101111 5
#91560000
0(
#91580000
b1010110000 !
0#
0%
b1010110000 &
1(
b1010110000 5
#91600000
0(
#91620000
b1010110001 !
0#
0%
b1010110001 &
1(
b1010110001 5
#91640000
0(
#91660000
b1010110010 !
0#
0%
b1010110010 &
1(
b1010110010 5
#91680000
0(
#91700000
b1010110011 !
0#
0%
b1010110011 &
1(
b1010110011 5
#91720000
0(
#91740000
b1010110100 !
0#
0%
b1010110100 &
1(
b1010110100 5
#91760000
0(
#91780000
b1010110101 !
0#
0%
b1010110101 &
1(
b1010110101 5
#91800000
0(
#91820000
b1010110110 !
0#
0%
b1010110110 &
1(
b1010110110 5
#91840000
0(
#91860000
b1010110111 !
0#
0%
b1010110111 &
1(
b1010110111 5
#91880000
0(
#91900000
b1010111000 !
0#
0%
b1010111000 &
1(
b1010111000 5
#91920000
0(
#91940000
b1010111001 !
0#
0%
b1010111001 &
1(
b1010111001 5
#91960000
0(
#91980000
b1010111010 !
0#
0%
b1010111010 &
1(
b1010111010 5
#92000000
0(
#92020000
b1010111011 !
0#
0%
b1010111011 &
1(
b1010111011 5
#92040000
0(
#92060000
b1010111100 !
0#
0%
b1010111100 &
1(
b1010111100 5
#92080000
0(
#92100000
b1010111101 !
0#
0%
b1010111101 &
1(
b1010111101 5
#92120000
0(
#92140000
b1010111110 !
0#
0%
b1010111110 &
1(
b1010111110 5
#92160000
0(
#92180000
b1010111111 !
0#
0%
b1010111111 &
1(
b1010111111 5
#92200000
0(
#92220000
b1011000000 !
0#
0%
b1011000000 &
1(
b1011000000 5
#92240000
0(
#92260000
b1011000001 !
0#
0%
b1011000001 &
1(
b1011000001 5
#92280000
0(
#92300000
b1011000010 !
0#
0%
b1011000010 &
1(
b1011000010 5
#92320000
0(
#92340000
b1011000011 !
0#
0%
b1011000011 &
1(
b1011000011 5
#92360000
0(
#92380000
b1011000100 !
0#
0%
b1011000100 &
1(
b1011000100 5
#92400000
0(
#92420000
b1011000101 !
0#
0%
b1011000101 &
1(
b1011000101 5
#92440000
0(
#92460000
b1011000110 !
0#
0%
b1011000110 &
1(
b1011000110 5
#92480000
0(
#92500000
b1011000111 !
0#
0%
b1011000111 &
1(
b1011000111 5
#92520000
0(
#92540000
b1011001000 !
0#
0%
b1011001000 &
1(
b1011001000 5
#92560000
0(
#92580000
b1011001001 !
0#
0%
b1011001001 &
1(
b1011001001 5
#92600000
0(
#92620000
b1011001010 !
0#
0%
b1011001010 &
1(
b1011001010 5
#92640000
0(
#92660000
b1011001011 !
0#
0%
b1011001011 &
1(
b1011001011 5
#92680000
0(
#92700000
b1011001100 !
0#
0%
b1011001100 &
1(
b1011001100 5
#92720000
0(
#92740000
b1011001101 !
0#
0%
b1011001101 &
1(
b1011001101 5
#92760000
0(
#92780000
b1011001110 !
0#
0%
b1011001110 &
1(
b1011001110 5
#92800000
0(
#92820000
b1011001111 !
0#
0%
b1011001111 &
1(
b1011001111 5
#92840000
0(
#92860000
b1011010000 !
0#
0%
b1011010000 &
1(
b1011010000 5
#92880000
0(
#92900000
b1011010001 !
0#
0%
b1011010001 &
1(
b1011010001 5
#92920000
0(
#92940000
b1011010010 !
0#
0%
b1011010010 &
1(
b1011010010 5
#92960000
0(
#92980000
b1011010011 !
0#
0%
b1011010011 &
1(
b1011010011 5
#93000000
0(
#93020000
b1011010100 !
0#
0%
b1011010100 &
1(
b1011010100 5
#93040000
0(
#93060000
b1011010101 !
0#
0%
b1011010101 &
1(
b1011010101 5
#93080000
0(
#93100000
b1011010110 !
0#
0%
b1011010110 &
1(
b1011010110 5
#93120000
0(
#93140000
b1011010111 !
0#
0%
b1011010111 &
1(
b1011010111 5
#93160000
0(
#93180000
b1011011000 !
0#
0%
b1011011000 &
1(
b1011011000 5
#93200000
0(
#93220000
b1011011001 !
0#
0%
b1011011001 &
1(
b1011011001 5
#93240000
0(
#93260000
b1011011010 !
0#
0%
b1011011010 &
1(
b1011011010 5
#93280000
0(
#93300000
b1011011011 !
0#
0%
b1011011011 &
1(
b1011011011 5
#93320000
0(
#93340000
b1011011100 !
0#
0%
b1011011100 &
1(
b1011011100 5
#93360000
0(
#93380000
b1011011101 !
0#
0%
b1011011101 &
1(
b1011011101 5
#93400000
0(
#93420000
b1011011110 !
0#
0%
b1011011110 &
1(
b1011011110 5
#93440000
0(
#93460000
b1011011111 !
0#
0%
b1011011111 &
1(
b1011011111 5
#93480000
0(
#93500000
b1011100000 !
0#
0%
b1011100000 &
1(
b1011100000 5
#93520000
0(
#93540000
b1011100001 !
0#
0%
b1011100001 &
1(
b1011100001 5
#93560000
0(
#93580000
b1011100010 !
0#
0%
b1011100010 &
1(
b1011100010 5
#93600000
0(
#93620000
b1011100011 !
0#
0%
b1011100011 &
1(
b1011100011 5
#93640000
0(
#93660000
b1011100100 !
0#
0%
b1011100100 &
1(
b1011100100 5
#93680000
0(
#93700000
b1011100101 !
0#
0%
b1011100101 &
1(
b1011100101 5
#93720000
0(
#93740000
b1011100110 !
0#
0%
b1011100110 &
1(
b1011100110 5
#93760000
0(
#93780000
b1011100111 !
0#
0%
b1011100111 &
1(
b1011100111 5
#93800000
0(
#93820000
b1011101000 !
0#
0%
b1011101000 &
1(
b1011101000 5
#93840000
0(
#93860000
b1011101001 !
0#
0%
b1011101001 &
1(
b1011101001 5
#93880000
0(
#93900000
b1011101010 !
0#
0%
b1011101010 &
1(
b1011101010 5
#93920000
0(
#93940000
b1011101011 !
0#
0%
b1011101011 &
1(
b1011101011 5
#93960000
0(
#93980000
b1011101100 !
0#
0%
b1011101100 &
1(
b1011101100 5
#94000000
0(
#94020000
b1011101101 !
0#
0%
b1011101101 &
1(
b1011101101 5
#94040000
0(
#94060000
b1011101110 !
0#
0%
b1011101110 &
1(
b1011101110 5
#94080000
0(
#94100000
b1011101111 !
0#
0%
b1011101111 &
1(
b1011101111 5
#94120000
0(
#94140000
b1011110000 !
1#
0%
b1011110000 &
1(
b1011110000 5
#94160000
0(
#94180000
b1011110001 !
1#
0%
b1011110001 &
1(
b1011110001 5
#94200000
0(
#94220000
b1011110010 !
1#
0%
b1011110010 &
1(
b1011110010 5
#94240000
0(
#94260000
b1011110011 !
1#
0%
b1011110011 &
1(
b1011110011 5
#94280000
0(
#94300000
b1011110100 !
1#
0%
b1011110100 &
1(
b1011110100 5
#94320000
0(
#94340000
b1011110101 !
1#
0%
b1011110101 &
1(
b1011110101 5
#94360000
0(
#94380000
b1011110110 !
1#
0%
b1011110110 &
1(
b1011110110 5
#94400000
0(
#94420000
b1011110111 !
1#
0%
b1011110111 &
1(
b1011110111 5
#94440000
0(
#94460000
b1011111000 !
1#
0%
b1011111000 &
1(
b1011111000 5
#94480000
0(
#94500000
b1011111001 !
1#
0%
b1011111001 &
1(
b1011111001 5
#94520000
0(
#94540000
b1011111010 !
1#
0%
b1011111010 &
1(
b1011111010 5
#94560000
0(
#94580000
b1011111011 !
1#
0%
b1011111011 &
1(
b1011111011 5
#94600000
0(
#94620000
b1011111100 !
1#
0%
b1011111100 &
1(
b1011111100 5
#94640000
0(
#94660000
b1011111101 !
1#
0%
b1011111101 &
1(
b1011111101 5
#94680000
0(
#94700000
b1011111110 !
1#
0%
b1011111110 &
1(
b1011111110 5
#94720000
0(
#94740000
b1011111111 !
1#
0%
b1011111111 &
1(
b1011111111 5
#94760000
0(
#94780000
b1100000000 !
1#
0%
b1100000000 &
1(
b1100000000 5
#94800000
0(
#94820000
b1100000001 !
1#
0%
b1100000001 &
1(
b1100000001 5
#94840000
0(
#94860000
b1100000010 !
1#
0%
b1100000010 &
1(
b1100000010 5
#94880000
0(
#94900000
b1100000011 !
1#
0%
b1100000011 &
1(
b1100000011 5
#94920000
0(
#94940000
b1100000100 !
1#
0%
b1100000100 &
1(
b1100000100 5
#94960000
0(
#94980000
b1100000101 !
1#
0%
b1100000101 &
1(
b1100000101 5
#95000000
0(
#95020000
b1100000110 !
1#
0%
b1100000110 &
1(
b1100000110 5
#95040000
0(
#95060000
b1100000111 !
1#
0%
b1100000111 &
1(
b1100000111 5
#95080000
0(
#95100000
b1100001000 !
1#
0%
b1100001000 &
1(
b1100001000 5
#95120000
0(
#95140000
b1100001001 !
1#
0%
b1100001001 &
1(
b1100001001 5
#95160000
0(
#95180000
b1100001010 !
1#
0%
b1100001010 &
1(
b1100001010 5
#95200000
0(
#95220000
b1100001011 !
1#
0%
b1100001011 &
1(
b1100001011 5
#95240000
0(
#95260000
b1100001100 !
1#
0%
b1100001100 &
1(
b1100001100 5
#95280000
0(
#95300000
b1100001101 !
1#
0%
b1100001101 &
1(
b1100001101 5
#95320000
0(
#95340000
b1100001110 !
1#
0%
b1100001110 &
1(
b1100001110 5
#95360000
0(
#95380000
b1100001111 !
1#
0%
b1100001111 &
1(
b1100001111 5
#95400000
0(
#95420000
b1100010000 !
1#
0%
b1100010000 &
1(
b1100010000 5
#95440000
0(
#95460000
b1100010001 !
1#
0%
b1100010001 &
1(
b1100010001 5
#95480000
0(
#95500000
b1100010010 !
1#
0%
b1100010010 &
1(
b1100010010 5
#95520000
0(
#95540000
b1100010011 !
1#
0%
b1100010011 &
1(
b1100010011 5
#95560000
0(
#95580000
b1100010100 !
1#
0%
b1100010100 &
1(
b1100010100 5
#95600000
0(
#95620000
b1100010101 !
1#
0%
b1100010101 &
1(
b1100010101 5
#95640000
0(
#95660000
b1100010110 !
1#
0%
b1100010110 &
1(
b1100010110 5
#95680000
0(
#95700000
b1100010111 !
1#
0%
b1100010111 &
1(
b1100010111 5
#95720000
0(
#95740000
b1100011000 !
1#
0%
b1100011000 &
1(
b1100011000 5
#95760000
0(
#95780000
b1100011001 !
1#
0%
b1100011001 &
1(
b1100011001 5
#95800000
0(
#95820000
b1100011010 !
1#
0%
b1100011010 &
1(
b1100011010 5
#95840000
0(
#95860000
b1100011011 !
1#
0%
b1100011011 &
1(
b1100011011 5
#95880000
0(
#95900000
b1100011100 !
1#
0%
b1100011100 &
1(
b1100011100 5
#95920000
0(
#95940000
b1100011101 !
1#
0%
b1100011101 &
1(
b1100011101 5
#95960000
0(
#95980000
b1100011110 !
1#
0%
b1100011110 &
1(
b1100011110 5
#96000000
0(
#96020000
b1100011111 !
1#
0%
b1100011111 &
1(
b1100011111 5
#96040000
0(
#96060000
b0 !
b11 "
1#
1$
1%
b0 &
b11 '
1(
b0 5
b11 6
#96080000
0(
#96100000
b1 !
1#
1%
b1 &
1(
b1 5
#96120000
0(
#96140000
b10 !
1#
1%
b10 &
1(
b10 5
#96160000
0(
#96180000
b11 !
1#
1%
b11 &
1(
b11 5
#96200000
0(
#96220000
b100 !
1#
1%
b100 &
1(
b100 5
#96240000
0(
#96260000
b101 !
1#
1%
b101 &
1(
b101 5
#96280000
0(
#96300000
b110 !
1#
1%
b110 &
1(
b110 5
#96320000
0(
#96340000
b111 !
1#
1%
b111 &
1(
b111 5
#96360000
0(
#96380000
b1000 !
1#
1%
b1000 &
1(
b1000 5
#96400000
0(
#96420000
b1001 !
1#
1%
b1001 &
1(
b1001 5
#96440000
0(
#96460000
b1010 !
1#
1%
b1010 &
1(
b1010 5
#96480000
0(
#96500000
b1011 !
1#
1%
b1011 &
1(
b1011 5
#96520000
0(
#96540000
b1100 !
1#
1%
b1100 &
1(
b1100 5
#96560000
0(
#96580000
b1101 !
1#
1%
b1101 &
1(
b1101 5
#96600000
0(
#96620000
b1110 !
1#
1%
b1110 &
1(
b1110 5
#96640000
0(
#96660000
b1111 !
1#
1%
b1111 &
1(
b1111 5
#96680000
0(
#96700000
b10000 !
1#
1%
b10000 &
1(
b10000 5
#96720000
0(
#96740000
b10001 !
1#
1%
b10001 &
1(
b10001 5
#96760000
0(
#96780000
b10010 !
1#
1%
b10010 &
1(
b10010 5
#96800000
0(
#96820000
b10011 !
1#
1%
b10011 &
1(
b10011 5
#96840000
0(
#96860000
b10100 !
1#
1%
b10100 &
1(
b10100 5
#96880000
0(
#96900000
b10101 !
1#
1%
b10101 &
1(
b10101 5
#96920000
0(
#96940000
b10110 !
1#
1%
b10110 &
1(
b10110 5
#96960000
0(
#96980000
b10111 !
1#
1%
b10111 &
1(
b10111 5
#97000000
0(
#97020000
b11000 !
1#
1%
b11000 &
1(
b11000 5
#97040000
0(
#97060000
b11001 !
1#
1%
b11001 &
1(
b11001 5
#97080000
0(
#97100000
b11010 !
1#
1%
b11010 &
1(
b11010 5
#97120000
0(
#97140000
b11011 !
1#
1%
b11011 &
1(
b11011 5
#97160000
0(
#97180000
b11100 !
1#
1%
b11100 &
1(
b11100 5
#97200000
0(
#97220000
b11101 !
1#
1%
b11101 &
1(
b11101 5
#97240000
0(
#97260000
b11110 !
1#
1%
b11110 &
1(
b11110 5
#97280000
0(
#97300000
b11111 !
1#
1%
b11111 &
1(
b11111 5
#97320000
0(
#97340000
b100000 !
1#
1%
b100000 &
1(
b100000 5
#97360000
0(
#97380000
b100001 !
1#
1%
b100001 &
1(
b100001 5
#97400000
0(
#97420000
b100010 !
1#
1%
b100010 &
1(
b100010 5
#97440000
0(
#97460000
b100011 !
1#
1%
b100011 &
1(
b100011 5
#97480000
0(
#97500000
b100100 !
1#
1%
b100100 &
1(
b100100 5
#97520000
0(
#97540000
b100101 !
1#
1%
b100101 &
1(
b100101 5
#97560000
0(
#97580000
b100110 !
1#
1%
b100110 &
1(
b100110 5
#97600000
0(
#97620000
b100111 !
1#
1%
b100111 &
1(
b100111 5
#97640000
0(
#97660000
b101000 !
1#
1%
b101000 &
1(
b101000 5
#97680000
0(
#97700000
b101001 !
1#
1%
b101001 &
1(
b101001 5
#97720000
0(
#97740000
b101010 !
1#
1%
b101010 &
1(
b101010 5
#97760000
0(
#97780000
b101011 !
1#
1%
b101011 &
1(
b101011 5
#97800000
0(
#97820000
b101100 !
1#
1%
b101100 &
1(
b101100 5
#97840000
0(
#97860000
b101101 !
1#
1%
b101101 &
1(
b101101 5
#97880000
0(
#97900000
b101110 !
1#
1%
b101110 &
1(
b101110 5
#97920000
0(
#97940000
b101111 !
1#
1%
b101111 &
1(
b101111 5
#97960000
0(
#97980000
b110000 !
1#
1%
b110000 &
1(
b110000 5
#98000000
0(
#98020000
b110001 !
1#
1%
b110001 &
1(
b110001 5
#98040000
0(
#98060000
b110010 !
1#
1%
b110010 &
1(
b110010 5
#98080000
0(
#98100000
b110011 !
1#
1%
b110011 &
1(
b110011 5
#98120000
0(
#98140000
b110100 !
1#
1%
b110100 &
1(
b110100 5
#98160000
0(
#98180000
b110101 !
1#
1%
b110101 &
1(
b110101 5
#98200000
0(
#98220000
b110110 !
1#
1%
b110110 &
1(
b110110 5
#98240000
0(
#98260000
b110111 !
1#
1%
b110111 &
1(
b110111 5
#98280000
0(
#98300000
b111000 !
1#
1%
b111000 &
1(
b111000 5
#98320000
0(
#98340000
b111001 !
1#
1%
b111001 &
1(
b111001 5
#98360000
0(
#98380000
b111010 !
1#
1%
b111010 &
1(
b111010 5
#98400000
0(
#98420000
b111011 !
1#
1%
b111011 &
1(
b111011 5
#98440000
0(
#98460000
b111100 !
1#
1%
b111100 &
1(
b111100 5
#98480000
0(
#98500000
b111101 !
1#
1%
b111101 &
1(
b111101 5
#98520000
0(
#98540000
b111110 !
1#
1%
b111110 &
1(
b111110 5
#98560000
0(
#98580000
b111111 !
1#
1%
b111111 &
1(
b111111 5
#98600000
0(
#98620000
b1000000 !
1#
1%
b1000000 &
1(
b1000000 5
#98640000
0(
#98660000
b1000001 !
1#
1%
b1000001 &
1(
b1000001 5
#98680000
0(
#98700000
b1000010 !
1#
1%
b1000010 &
1(
b1000010 5
#98720000
0(
#98740000
b1000011 !
1#
1%
b1000011 &
1(
b1000011 5
#98760000
0(
#98780000
b1000100 !
1#
1%
b1000100 &
1(
b1000100 5
#98800000
0(
#98820000
b1000101 !
1#
1%
b1000101 &
1(
b1000101 5
#98840000
0(
#98860000
b1000110 !
1#
1%
b1000110 &
1(
b1000110 5
#98880000
0(
#98900000
b1000111 !
1#
1%
b1000111 &
1(
b1000111 5
#98920000
0(
#98940000
b1001000 !
1#
1%
b1001000 &
1(
b1001000 5
#98960000
0(
#98980000
b1001001 !
1#
1%
b1001001 &
1(
b1001001 5
#99000000
0(
#99020000
b1001010 !
1#
1%
b1001010 &
1(
b1001010 5
#99040000
0(
#99060000
b1001011 !
1#
1%
b1001011 &
1(
b1001011 5
#99080000
0(
#99100000
b1001100 !
1#
1%
b1001100 &
1(
b1001100 5
#99120000
0(
#99140000
b1001101 !
1#
1%
b1001101 &
1(
b1001101 5
#99160000
0(
#99180000
b1001110 !
1#
1%
b1001110 &
1(
b1001110 5
#99200000
0(
#99220000
b1001111 !
1#
1%
b1001111 &
1(
b1001111 5
#99240000
0(
#99260000
b1010000 !
1#
1%
b1010000 &
1(
b1010000 5
#99280000
0(
#99300000
b1010001 !
1#
1%
b1010001 &
1(
b1010001 5
#99320000
0(
#99340000
b1010010 !
1#
1%
b1010010 &
1(
b1010010 5
#99360000
0(
#99380000
b1010011 !
1#
1%
b1010011 &
1(
b1010011 5
#99400000
0(
#99420000
b1010100 !
1#
1%
b1010100 &
1(
b1010100 5
#99440000
0(
#99460000
b1010101 !
1#
1%
b1010101 &
1(
b1010101 5
#99480000
0(
#99500000
b1010110 !
1#
1%
b1010110 &
1(
b1010110 5
#99520000
0(
#99540000
b1010111 !
1#
1%
b1010111 &
1(
b1010111 5
#99560000
0(
#99580000
b1011000 !
1#
1%
b1011000 &
1(
b1011000 5
#99600000
0(
#99620000
b1011001 !
1#
1%
b1011001 &
1(
b1011001 5
#99640000
0(
#99660000
b1011010 !
1#
1%
b1011010 &
1(
b1011010 5
#99680000
0(
#99700000
b1011011 !
1#
1%
b1011011 &
1(
b1011011 5
#99720000
0(
#99740000
b1011100 !
1#
1%
b1011100 &
1(
b1011100 5
#99760000
0(
#99780000
b1011101 !
1#
1%
b1011101 &
1(
b1011101 5
#99800000
0(
#99820000
b1011110 !
1#
1%
b1011110 &
1(
b1011110 5
#99840000
0(
#99860000
b1011111 !
1#
1%
b1011111 &
1(
b1011111 5
#99880000
0(
#99900000
b1100000 !
1#
1%
b1100000 &
1(
b1100000 5
#99920000
0(
#99940000
b1100001 !
1#
1%
b1100001 &
1(
b1100001 5
#99960000
0(
#99980000
b1100010 !
1#
1%
b1100010 &
1(
b1100010 5
#100000000
0(
